id,project_id,parent_id,subject,type_id,status_id,assigned_to_id,start_date,due_date,estimated_hours,done_ratio,created_at,updated_at
37,3,173,Reprocesar ventas de convenio,6,12,,2025-04-28,2025-05-02,,,2025-04-28 14:40:41.435387+00,2025-05-09 16:29:06.182145+00
74,3,173,Convenio no figura en App o automy,6,12,,2025-04-28,2025-04-29,,,2025-05-07 19:09:58.393115+00,2025-05-09 16:43:22.623345+00
75,3,173,Reprocesar lotes convenios,6,12,,2025-05-05,2025-05-07,,,2025-05-07 19:12:11.90723+00,2025-05-09 16:28:44.498666+00
172,3,,Liquidación de convenios,5,7,,2025-04-28,2025-05-12,,,2025-05-09 16:21:59.706794+00,2025-05-09 16:47:14.968235+00
173,3,172,Correcciones 3 incidencias top en marzo,4,12,,2025-04-28,2025-05-12,,,2025-05-09 16:23:59.166598+00,2025-05-09 16:47:14.940784+00
174,3,173,Integración y despliegue,3,6,,2025-05-09,2025-05-12,,,2025-05-09 16:33:31.097689+00,2025-05-09 16:47:14.919341+00
175,3,174,Desplegar cambios en RAC,1,13,,2025-05-11,2025-05-11,,,2025-05-09 16:34:50.299193+00,2025-05-09 16:51:26.263563+00
176,3,174,Enviar por correo APK de digitalización v1.0.7,1,7,,2025-05-09,2025-05-09,,,2025-05-09 16:38:22.267249+00,2025-05-09 16:38:56.456313+00
177,3,174,Programar 2 nuevas tareas en Scheduler,1,13,,2025-05-12,2025-05-12,,,2025-05-09 16:46:36.115068+00,2025-05-09 16:52:59.090984+00
38,4,,Analisis y desieño de la solucion,1,1,,,,,,2025-04-28 14:44:20.893913+00,2025-04-28 14:44:21.01983+00
39,4,,Rediseño del login,1,1,,,,,,2025-04-28 14:44:48.04063+00,2025-04-28 14:44:48.15171+00
40,4,,Pruebas unitarias,1,1,,,,,,2025-04-28 14:44:58.900871+00,2025-05-08 15:45:08.669936+00
43,5,164,Revision consumo recursos POS,3,12,,2025-04-22,2025-04-23,,,2025-05-07 16:24:03.237779+00,2025-05-09 15:10:09.537267+00
44,5,164,Implementacion POS,3,12,,2025-04-24,2025-04-29,,,2025-05-07 16:24:19.633139+00,2025-05-09 15:10:16.040442+00
59,5,164,Pruebas unitarias,3,13,,2025-04-30,2025-05-01,,,2025-05-07 16:42:17.640426+00,2025-05-09 15:12:49.598502+00
164,5,,Consumo servicio digital securizados,6,7,,2025-04-22,2025-05-01,,,2025-05-09 15:07:05.371807+00,2025-05-09 15:11:03.462306+00
69,6,165,"Análisis, implementación y pruebas unitarias",3,12,,2025-05-06,2025-05-07,18,100,2025-05-07 17:43:05.428974+00,2025-05-09 15:28:47.424626+00
134,6,,QA,3,6,,2025-05-08,2025-05-09,,,2025-05-08 17:43:22.871739+00,2025-05-09 15:31:33.012006+00
135,6,134,Diseño de casos de prueba,1,7,,2025-05-08,2025-05-08,,,2025-05-08 17:44:03.95122+00,2025-05-08 19:15:49.580861+00
137,6,,Despliegue,3,6,,2025-05-13,2025-05-15,,,2025-05-08 17:51:33.642839+00,2025-05-09 15:31:02.994005+00
138,6,137,Pilotos,1,13,,2025-05-13,2025-05-13,,,2025-05-08 17:52:27.476846+00,2025-05-09 15:30:27.300516+00
139,6,137,lima,1,13,,2025-05-14,2025-05-14,,,2025-05-08 17:52:37.113832+00,2025-05-09 15:30:31.748563+00
140,6,137,cadena,1,13,,2025-05-15,2025-05-15,,,2025-05-08 17:52:41.858409+00,2025-05-09 15:30:37.883386+00
141,6,134,Pruebas integrales,1,13,,2025-05-09,2025-05-09,,,2025-05-08 17:54:40.481338+00,2025-05-09 15:32:25.399811+00
165,6,,Mejoras en impresión Sticker de precios productos,6,12,,2025-05-06,2025-05-07,,,2025-05-09 15:25:24.842093+00,2025-05-09 15:33:00.06311+00
142,7,159,Implementaciones en POSU,4,12,,2025-05-07,2025-05-20,,,2025-05-08 20:38:18.145068+00,2025-05-21 18:58:20.30893+00
143,7,142,Implementacion Conexión Orvee,1,12,,2025-05-07,2025-05-08,,,2025-05-08 20:41:03.587547+00,2025-05-08 21:07:51.73458+00
144,7,142,Consumo de Endpoint de Orvee,1,12,,2025-05-09,2025-05-09,,,2025-05-08 20:41:49.161881+00,2025-05-09 19:13:46.270443+00
145,7,142,Implementar logica para rango de vigencia del Sorteo Casa o Millon Inkafarma ,1,12,,2025-05-12,2025-05-12,,,2025-05-08 20:42:10.919867+00,2025-05-13 21:48:28.04666+00
146,7,142,Implementar Ventana Campaña nuevo Cliente,1,12,,2025-05-12,2025-05-13,,,2025-05-08 20:42:43.373871+00,2025-05-13 19:18:46.898562+00
148,7,142, Implementar logica para enviar Puntos de Sorteo en una venta Meson o Delivery (Mismo metodos de Orvee),1,12,,2025-05-13,2025-05-14,,,2025-05-08 20:43:04.152573+00,2025-05-19 14:17:22.979516+00
149,7,142,Implementar logica para enviar Puntos de Sorteo para una Anulacion  (Mismo metodos de Orvee),1,12,,2025-05-14,2025-05-15,,,2025-05-08 20:43:14.023697+00,2025-05-19 14:17:54.860925+00
150,7,142,Implementar logica para Pintar en Voucher para cliente registrado y cliente no registrado,1,12,,2025-05-16,2025-05-19,,,2025-05-08 20:43:23.747491+00,2025-05-20 18:45:17.78218+00
151,7,159,PRUEBAS INTERNAS ,4,12,,2025-05-20,2025-05-21,,,2025-05-08 20:51:05.219563+00,2025-05-21 18:59:19.95078+00
152,7,151,Pruebas a nivel POSU y Microservicio,1,12,,2025-05-20,2025-05-21,,,2025-05-08 20:51:22.747867+00,2025-05-21 18:58:28.852348+00
153,7,159,PRUEBAS QA,4,12,,2025-05-22,2025-05-23,,,2025-05-08 20:51:40.020987+00,2025-05-30 14:14:46.021981+00
154,7,153,Pruebas en la Marca InkaFarma ,1,12,,2025-05-22,2025-05-23,,,2025-05-08 20:51:51.955116+00,2025-05-30 14:14:56.476831+00
155,7,159,PILOTOS,4,12,,2025-05-26,2025-05-26,,,2025-05-08 20:52:02.922957+00,2025-05-30 14:15:22.003201+00
159,7,,Proyecto Concurso Millon,5,12,,2025-05-07,2025-05-26,,,2025-05-08 21:47:20.00331+00,2025-06-13 15:43:57.254767+00
183,7,142,Logica de Puntos Daemon,1,12,,2025-05-15,2025-05-16,,,2025-05-12 13:11:17.643142+00,2025-05-19 14:17:30.118323+00
235,7,142,Unificar PBL_CONF,1,12,,2025-05-20,2025-05-20,,,2025-05-20 20:09:51.373251+00,2025-05-21 18:57:55.877062+00
88,8,,[WEB] Reporte de Solicitudes Administrador Temporal,3,12,,2025-05-07,2025-05-15,,,2025-05-07 20:28:51.151001+00,2025-05-15 19:37:06.109277+00
90,8,88,[Aprobadores] Usuarios Reportados,1,12,,2025-05-07,2025-05-08,,,2025-05-07 20:31:21.366107+00,2025-05-09 14:27:14.194791+00
91,8,88,[ETL] Databricks Aprobadores,1,12,,2025-05-07,2025-05-08,,,2025-05-07 20:34:39.816317+00,2025-05-09 14:27:29.336366+00
132,8,88,[ETL] Databricks APP,1,12,,2025-05-07,2025-05-08,,,2025-05-08 17:05:47.63624+00,2025-05-09 14:27:20.697518+00
184,8,88,Documentacion Administrador Temporal,1,12,,2025-05-12,2025-05-15,,,2025-05-12 17:15:20.968382+00,2025-05-15 21:03:37.742253+00
185,8,88,Despliegue DataBricks a Produccion,1,12,,2025-05-09,2025-05-12,,,2025-05-12 17:21:44.089623+00,2025-05-13 13:38:21.545689+00
96,10,,Acta de analisis organoleptico,3,12,,2025-05-05,2025-05-12,,,2025-05-07 20:45:03.451628+00,2025-05-14 19:19:20.606303+00
97,10,96,[MicroServicio] Creacion de Microservicio para generacion de PDF,1,12,,2025-05-05,2025-05-06,,,2025-05-07 20:45:35.432522+00,2025-05-07 20:47:18.158564+00
98,10,,Habilitar Columna Lote en Impresion Comprobante,3,12,,2025-05-06,2025-05-07,,,2025-05-07 20:47:54.034573+00,2025-05-08 16:58:17.695403+00
99,10,98,Modificar el Paqueta FarmaEPOS para incluir casuistica,1,12,,2025-05-06,2025-05-07,,,2025-05-07 20:48:22.891899+00,2025-05-08 16:58:27.00649+00
100,10,96,Habilitar Boton en POSU,1,12,,2025-05-09,2025-05-12,,,2025-05-07 21:07:15.081962+00,2025-05-14 19:19:12.531431+00
331,11,293,Acta de análisis organoléptico,6,12,,2025-06-24,2025-06-25,,,2025-06-25 13:43:38.781836+00,2025-06-30 15:15:48.329343+00
332,11,293,[B2B PR] Inclusión de clientes RUC 10,6,12,,2025-06-23,2025-06-24,,,2025-06-25 13:48:13.9023+00,2025-06-30 15:15:42.135229+00
333,11,293,[B2B PR] Desactivación de pantallas de ventanas emergentes,6,12,,2025-06-20,2025-06-20,,,2025-06-25 13:49:44.74894+00,2025-06-27 14:17:55.949049+00
334,11,293,[B2B PR] Impresión de comanda para entrega a cliente,6,12,,2025-06-18,2025-06-20,,,2025-06-25 13:50:58.914944+00,2025-06-27 14:18:01.196778+00
361,11,293,[B2B PR] Re-Impresión de comanda tipo 1,6,12,,2025-06-27,2025-06-27,,,2025-06-27 13:57:11.500363+00,2025-06-30 15:15:56.389842+00
394,11,293,Acta de análisis organoléptico PARTE 2,6,12,,2025-07-07,2025-07-09,,,2025-07-07 16:41:13.834025+00,2025-07-15 19:07:31.034321+00
401,11,293,Compatibilidad de los demonios con DB ORACLE 18C,6,12,,2025-07-09,2025-07-09,,,2025-07-09 16:35:16.127819+00,2025-07-14 14:08:21.714221+00
102,12,156,Recepción de productos,4,12,,2025-04-09,2025-04-29,,,2025-05-08 08:07:05.975525+00,2025-05-19 16:04:41.177292+00
103,12,102,Procesamiento SVS,1,12,,2025-04-09,2025-04-16,,,2025-05-08 08:11:44.308001+00,2025-05-09 15:20:04.284117+00
106,12,102,Creación de demonio de despachos de SVS en Droguería,1,12,,2025-04-17,2025-04-29,,,2025-05-08 08:41:01.426544+00,2025-05-09 15:20:21.862737+00
107,12,102,Creación de demonio de recepciones de SVS en Botica,1,12,,2025-04-17,2025-04-22,,,2025-05-08 08:41:16.361304+00,2025-05-09 15:20:27.452187+00
108,12,102,Impresión automática de guias en Droguería,1,12,,2025-04-23,2025-04-28,,,2025-05-08 08:44:31.278314+00,2025-05-09 15:20:34.315577+00
109,12,156,Atención de pedidos B2B,4,12,,2025-04-30,2025-05-28,,,2025-05-08 08:53:30.081843+00,2025-05-30 15:27:21.409802+00
110,12,109,Creacion de contratos para los 4 eventos,1,12,,2025-04-30,2025-05-02,,,2025-05-08 09:36:33.362045+00,2025-05-09 15:22:59.666773+00
111,12,109,Controlador para crear pedido en Botica,1,12,,2025-05-05,2025-05-07,,,2025-05-08 09:36:58.483487+00,2025-05-09 15:23:09.780353+00
112,12,109,Controlador para actualizar pedido (transportista y productos),1,12,,2025-05-08,2025-05-08,,,2025-05-08 09:37:18.903064+00,2025-05-09 15:23:15.096676+00
113,12,109,Controlador para cobrar pedido,3,12,,2025-05-09,2025-05-23,,,2025-05-08 09:37:35.969116+00,2025-05-30 15:24:43.607081+00
114,12,109,Controlador de confirmación de cobro a digital,1,12,,2025-05-26,2025-05-26,,,2025-05-08 09:37:50.552588+00,2025-05-30 15:25:48.113585+00
115,12,113,Proceso para cancelar pedido en Botica,1,12,,2025-05-09,2025-05-09,,,2025-05-08 09:38:07.934134+00,2025-05-09 15:23:34.513439+00
116,12,113,Proceso para despachar pedido en Botica,1,12,,2025-05-12,2025-05-12,,,2025-05-08 09:38:19.065565+00,2025-05-19 16:02:55.634246+00
117,12,113,Proceso para enviar despacho a Droguería,1,12,,2025-05-13,2025-05-13,,,2025-05-08 09:38:39.490246+00,2025-05-19 16:03:03.607074+00
118,12,113,Proceso para recepcionar despacho en Drogueria,1,12,,2025-05-14,2025-05-14,,,2025-05-08 09:38:54.309918+00,2025-05-19 16:03:07.982633+00
119,12,113,Proceso para facturar pedido,1,12,,2025-05-15,2025-05-19,,,2025-05-08 09:39:28.309567+00,2025-05-30 15:24:48.909664+00
120,12,113,Proceso para generar guia electronica,1,12,,2025-05-20,2025-05-21,,,2025-05-08 09:39:39.691377+00,2025-05-09 15:25:00.611205+00
121,12,113,Proceso para enviar a axteroid guía electrónica,1,12,,2025-05-22,2025-05-23,,,2025-05-08 09:40:10.031494+00,2025-05-30 15:24:54.090553+00
122,12,109,Proceso para imprimir comprobantes electrónicos,1,12,,2025-05-27,2025-05-28,,,2025-05-08 09:40:46.799753+00,2025-05-19 16:00:41.147124+00
123,12,156,Cancelación de pedidos B2B,4,12,,2025-05-08,2025-05-28,,,2025-05-08 09:42:56.96678+00,2025-05-30 15:25:35.304142+00
124,12,123,Controlador para cancelar pedido pre-cobro ASBANC,1,12,,2025-05-08,2025-05-08,,,2025-05-08 09:43:23.520287+00,2025-05-09 15:25:08.105318+00
125,12,123,Proceso para cancelar pedidos post-facturación POS,3,12,,2025-05-26,2025-05-28,,,2025-05-08 09:44:10.080363+00,2025-05-30 15:25:28.67359+00
126,12,125,Creación de demonio para despachar a Droguería prod. de la NC,1,12,,2025-05-26,2025-05-28,,,2025-05-08 09:45:54.017297+00,2025-05-30 15:25:01.222613+00
127,12,125,Update/Create de demonio para recepcionar productos de NC de Botica,1,12,,2025-05-26,2025-05-28,,,2025-05-08 09:48:29.659267+00,2025-05-30 15:25:06.496242+00
131,12,156,Pruebas integrales de desarrollo de recepción,1,12,,2025-05-21,2025-05-23,,,2025-05-08 16:41:22.765397+00,2025-05-30 15:27:48.069528+00
156,12,,Proyecto B2B en Droguerias DC - Fase 1,5,12,,2025-04-09,2025-07-25,,,2025-05-08 21:01:41.530473+00,2025-09-09 01:28:33.501778+00
157,12,156,Pruebas integrales de desarrollo de atención de pedidos,1,12,,2025-05-29,2025-06-04,,,2025-05-08 21:02:46.934067+00,2025-06-13 16:08:29.501103+00
166,12,156,Adicionales flujo crítico,4,12,,2025-05-06,2025-05-12,,,2025-05-09 15:26:25.507952+00,2025-05-30 15:28:32.777354+00
167,12,166,Generación de ACO,1,12,,2025-05-06,2025-05-12,,,2025-05-09 15:26:47.831631+00,2025-05-19 16:06:08.417732+00
168,12,166,Impresión de lote en factura electrónica,1,12,,2025-05-07,2025-05-08,,,2025-05-09 15:27:10.982115+00,2025-05-09 15:39:10.808253+00
237,12,156,Revisión y ajustes de flujos de transferencias - demonios ,1,12,,2025-05-23,2025-06-02,,,2025-05-23 15:26:19.782313+00,2025-06-13 16:08:40.435804+00
293,12,156,Adicionales,4,12,,2025-06-09,2025-07-25,,,2025-06-13 15:31:19.333346+00,2025-09-09 01:03:18.992829+00
294,12,293,Impresión de comandas en cobro de pedidos PR y NPR,1,12,,2025-06-13,2025-06-17,,,2025-06-13 15:31:48.100133+00,2025-06-24 13:40:53.442912+00
295,12,293,Controlador para añadir informacion de banco y operacion en pedidos,1,12,,2025-06-11,2025-06-13,,,2025-06-13 15:35:36.930563+00,2025-06-16 21:19:10.796394+00
296,12,293,Control de productos pickeados y no pickeados para PR y NPR,1,12,,2025-06-09,2025-06-12,,,2025-06-13 15:37:51.50622+00,2025-06-16 21:19:27.209562+00
297,12,293,Impresion de guia y comanda en flujo de Pendientes de Impresion,1,12,,2025-06-18,2025-06-20,,,2025-06-13 15:43:00.543882+00,2025-06-27 16:12:25.283632+00
327,12,293,Añadir placa en la trama para axteroid,1,12,,2025-06-19,2025-06-20,,,2025-06-19 15:48:53.378472+00,2025-06-25 20:08:43.332813+00
328,12,293,Modificar impreso de guías de remisión,1,12,,2025-06-23,2025-06-24,,,2025-06-19 16:11:09.580217+00,2025-06-25 20:09:00.454546+00
329,12,293,Modificar impreso de facturas,1,12,,2025-07-02,2025-07-04,,,2025-06-19 16:16:49.739433+00,2025-07-30 19:32:46.775646+00
330,12,293,Modificar impreso de notas de crédito,1,13,,,,,,2025-06-19 16:19:43.828036+00,2025-07-30 19:39:16.747391+00
352,12,293,Pruebas de flujos añadidos,1,12,,2025-06-25,2025-06-27,,,2025-06-25 20:09:33.74208+00,2025-06-28 15:44:27.114581+00
362,12,293,Revisión consumo servicio IHT que asigna pedidos automáticamente,1,12,,2025-07-08,2025-07-10,,,2025-06-27 15:56:06.139976+00,2025-07-30 19:34:00.142544+00
363,12,293,Robustez sendtask - Control de errores y control de consistencia de información de pedidos B2B,1,12,,2025-06-26,2025-06-27,,,2025-06-27 16:01:51.265314+00,2025-06-28 15:44:19.828139+00
364,12,293,Impresión de guias electrónicas en IP en específico,1,12,,2025-06-30,2025-07-01,,,2025-06-27 16:05:22.826574+00,2025-07-04 20:05:00.689781+00
365,12,293,Revisión servicio INS para nueva estructura para nuevos DC (Capón),1,12,,2025-07-02,2025-07-02,,,2025-06-27 16:06:33.312254+00,2025-07-04 20:08:09.426708+00
383,12,293,Análisis para modificar unidades de fraccion en drogueria,1,12,,2025-07-04,2025-07-07,,,2025-07-04 20:10:16.358879+00,2025-07-30 19:32:54.302851+00
512,12,293,"Validaciones de creacion, cancelacion, preparacion y facturacion de pedidos",1,12,,2025-07-21,2025-07-24,,,2025-07-30 19:35:03.493496+00,2025-07-30 20:33:24.762921+00
513,12,293,Reimpresion de pedidos B2B,1,12,,2025-07-21,2025-07-25,,,2025-07-30 19:35:26.606863+00,2025-09-09 01:03:08.639311+00
514,12,293,"Conversion de fracciones a enteros - Impreso de facturas, notas de credito, guia de venta y comanda",1,12,,2025-07-11,2025-07-18,,,2025-07-30 19:36:26.931795+00,2025-07-30 20:32:39.919746+00
515,12,293,"Conversion de fracciones a enteros - Axteroid de facturas, notas de credito y guias de ventas",1,12,,2025-07-11,2025-07-18,,,2025-07-30 19:36:58.633898+00,2025-07-30 20:32:46.508241+00
516,12,293,Conversion de fracciones a enteros - Pantallas de registro de ventas y movimiento de kardex,1,12,,2025-07-11,2025-07-18,,,2025-07-30 19:37:26.615877+00,2025-07-30 20:32:53.659259+00
128,14,,Token para Redención Puntos,3,12,,2025-04-21,2025-05-09,,,2025-05-08 15:39:21.315352+00,2025-05-12 20:08:27.645554+00
130,15,,Certificación Surcharge P400,3,12,,2025-05-08,2025-05-09,,,2025-05-08 15:43:15.986415+00,2025-05-12 20:08:37.182762+00
161,16,,Proyecto B2B Capón,5,12,,2025-05-13,2025-05-28,,,2025-05-09 14:56:13.583873+00,2025-05-28 16:30:05.838416+00
162,16,161,Toma y generación de pedido B2B,4,12,,2025-05-13,2025-05-16,,,2025-05-09 14:57:26.424536+00,2025-05-28 16:29:58.854729+00
163,16,161,Mantenimiento de clientes B2B,4,12,,2025-05-15,2025-05-15,,,2025-05-09 15:00:18.56732+00,2025-05-28 16:29:52.356157+00
178,16,163,Actualización de datos y de campo DIGEMID,6,12,,2025-05-15,2025-05-15,,,2025-05-09 16:59:09.223395+00,2025-05-28 16:29:10.497629+00
179,16,162,Identificación de cliente empresa (RUC) en el POS,6,12,,2025-05-13,2025-05-16,,,2025-05-09 17:00:23.824816+00,2025-05-28 16:29:27.712149+00
180,16,162,Registro de nuevos clientes (RUC) en el POS,6,12,,2025-05-13,2025-05-15,,,2025-05-09 17:01:08.780009+00,2025-05-28 16:29:41.480883+00
181,16,162,"Restricción de surtido en función al atributo ""DIGEMID""",6,12,,2025-05-13,2025-05-15,,,2025-05-09 17:01:55.524873+00,2025-05-28 16:29:46.791144+00
182,16,162,Generación de pedido y solicitud de pago,6,12,,2025-05-19,2025-05-22,,,2025-05-09 17:02:29.629369+00,2025-05-28 16:29:16.512281+00
187,16,162,[B2B PR] Impresión de comanda para entrega a cliente,6,12,,2025-05-23,2025-05-26,,,2025-05-13 22:22:38.787465+00,2025-05-28 16:29:21.139064+00
201,16,161,[B2B PR] Tratamiento de pedidos pickeados parcialmente,4,12,,2025-05-22,2025-05-28,,,2025-05-19 17:27:01.878196+00,2025-05-28 16:28:56.282515+00
202,16,201,[B2B PR] Uso de Notas de Crédito como parte de pago de un nuevo pedido,6,12,,2025-05-22,2025-05-28,,,2025-05-19 20:10:04.386361+00,2025-05-28 16:28:46.036882+00
169,17,,Rappi,5,12,,2025-05-08,2025-05-09,,,2025-05-09 15:39:06.022486+00,2025-05-28 16:26:04.231726+00
170,17,169,Flujo fallback,6,12,,2025-05-08,2025-05-09,,,2025-05-09 15:39:32.018786+00,2025-05-28 16:25:57.462962+00
171,17,170,"Análisis, implementación y pruebas unitarias",3,12,,2025-05-08,2025-05-09,,,2025-05-09 15:41:06.264696+00,2025-05-28 16:25:51.146334+00
186,22,206,Proceso para cobrar orden (PLS),3,12,,2025-05-19,2025-05-21,,,2025-05-13 20:11:28.853672+00,2025-05-30 15:42:55.292195+00
198,22,186,Interpretacion de XML de WMS,1,12,,2025-05-19,2025-05-19,,,2025-05-19 14:17:45.484766+00,2025-05-20 17:32:53.738092+00
199,22,186,Consumir Update-Order del Send-Task,1,12,,2025-05-20,2025-05-20,,,2025-05-19 14:35:49.255455+00,2025-05-26 15:07:31.173269+00
200,22,186,Invocar Cobro del Send-Task,1,12,,2025-05-21,2025-05-21,,,2025-05-19 14:48:09.034098+00,2025-05-30 15:42:13.342463+00
204,22,,B2B Presencial,5,7,,2025-05-12,2025-06-02,,,2025-05-19 21:22:31.098434+00,2025-05-30 15:31:43.539481+00
206,22,204,Atención de pedido,4,7,,2025-05-12,2025-06-02,,,2025-05-19 21:27:32.57239+00,2025-05-30 15:31:43.504994+00
207,22,204,Nota de crédito,4,7,,2025-05-21,2025-05-30,,,2025-05-19 21:30:06.29444+00,2025-05-30 15:43:20.826098+00
208,22,206,Crear Orden en WMS (ORR),1,12,,2025-05-15,2025-05-16,,,2025-05-20 17:31:23.198944+00,2025-05-20 17:52:36.736926+00
209,22,206,Proceso de finalizar orden (SHIP_OBLPN),3,12,,2025-05-22,2025-05-23,,,2025-05-20 17:40:26.989943+00,2025-05-30 15:42:49.15277+00
210,22,209,Consumir SHIP_OBLPN,1,12,,2025-05-22,2025-05-22,,,2025-05-20 17:47:29.663896+00,2025-05-30 15:42:24.223375+00
211,22,209,Consumir RETRY SHIP_OBLPN,1,12,,2025-05-23,2025-05-23,,,2025-05-20 17:49:00.875699+00,2025-05-30 15:42:41.714983+00
212,22,207,Flujo Devolución Dinero,3,12,,2025-05-21,2025-05-30,,,2025-05-20 17:54:35.876288+00,2025-06-11 20:11:08.6+00
213,22,212,Mostrar Info de Factura,1,12,,2025-05-26,2025-05-26,,,2025-05-20 19:16:13.001904+00,2025-05-26 15:06:56.198775+00
214,22,212,SubMenu para Dev. Dinero,1,12,,2025-05-27,2025-05-27,,,2025-05-20 19:17:44.878738+00,2025-05-26 15:07:06.96958+00
215,22,212,Generar Recaudación,1,12,,2025-05-28,2025-05-29,,,2025-05-20 19:18:55.245844+00,2025-05-30 15:43:29.89549+00
216,22,212,Impresión de Ticket,1,12,,2025-05-30,2025-05-30,,,2025-05-20 19:19:50.862255+00,2025-06-11 20:11:26.030381+00
217,22,206,Toma y generación de pedido,3,12,,2025-05-13,2025-05-21,,,2025-05-20 19:24:13.493972+00,2025-05-28 00:46:46.140551+00
218,22,217,Pruebas integrales de desarrollo,1,12,,2025-05-21,2025-05-21,,,2025-05-20 19:25:45.32278+00,2025-05-22 19:50:59.49565+00
219,22,217,Crear solicitud de pago en ASBANC,1,12,,2025-05-20,2025-05-20,,,2025-05-20 19:26:38.559636+00,2025-05-21 18:58:53.746905+00
220,22,217,Crear pedido en delivery manager (DM),1,12,,2025-05-19,2025-05-20,,,2025-05-20 19:27:09.006208+00,2025-05-21 18:58:35.129346+00
221,22,217,crear pedido en digital,1,12,,2025-05-19,2025-05-19,,,2025-05-20 19:28:32.557356+00,2025-05-21 18:58:29.616906+00
222,22,217,crear solicitud de pedido en POS,1,12,,2025-05-16,2025-05-16,,,2025-05-20 19:28:49.403836+00,2025-05-21 18:58:24.492895+00
223,22,217,Editar clientes juridicos (en flujo de venta y en menu nuevo),1,12,,2025-05-16,2025-05-16,,,2025-05-20 19:29:01.462926+00,2025-05-21 18:58:19.088114+00
224,22,217,Crear clientes juridicos (en flujo de venta y en menu nuevo),1,12,,2025-05-14,2025-05-15,,,2025-05-20 19:29:51.778382+00,2025-05-21 18:58:13.52331+00
225,22,217,Pantalla para busqueda de clientes juridicos en el resumen de pedido,1,12,,2025-05-13,2025-05-13,,,2025-05-20 19:30:12.961704+00,2025-05-21 18:57:45.80569+00
226,22,207,Uso de Notas de Crédito como parte de pago de un nuevo pedido,3,7,,2025-05-22,2025-05-27,,,2025-05-20 19:49:41.689622+00,2025-05-28 00:46:33.777523+00
227,22,226,Ingresar NC como forma de pago en el resumen de pedido,1,12,,2025-05-22,2025-05-22,,,2025-05-20 19:50:26.317335+00,2025-05-26 13:52:47.683105+00
228,22,226,Mostrar saldo a favor del cliente en resumen de pedido,1,12,,2025-05-23,2025-05-23,,,2025-05-20 19:50:44.777181+00,2025-05-26 13:52:57.463339+00
229,22,207,Enviar pedido completo a servicio sendTask con sus 2 formas de pago para crear como pedido digital,1,12,,2025-05-22,2025-05-26,,,2025-05-20 19:51:03.941322+00,2025-05-26 13:53:07.673091+00
230,22,226,Pruebas integrales de desarrollo,1,12,,2025-05-27,2025-05-27,,,2025-05-20 19:51:32.091741+00,2025-05-28 00:46:19.927971+00
231,22,206,Controlador para cancelar pedido PR,1,12,,2025-05-12,2025-05-12,,,2025-05-20 20:03:00.746039+00,2025-05-20 20:16:52.083461+00
232,22,206,Controlador de confirmación de pago (consumir abax wms ORR),1,12,,2025-05-20,2025-05-27,,,2025-05-20 20:05:37.89925+00,2025-05-30 15:30:57.519769+00
233,22,212,Cobro de pedido digitales con 2 formas de pago,1,12,,2025-05-21,2025-05-23,,,2025-05-20 20:06:29.5881+00,2025-05-30 15:32:02.471106+00
234,22,206,Controlador y consumo de POS para confirmar a WMS cobro de pedido PR,1,7,,2025-05-30,2025-06-02,,,2025-05-20 20:09:23.16965+00,2025-05-30 15:31:43.440871+00
238,25,,daemon-digital-ship,1,12,,2025-05-28,2025-05-28,,,2025-05-28 16:34:11.123066+00,2025-05-30 15:46:03.593274+00
239,25,,daemon-wms-asn,1,12,,2025-05-28,2025-05-29,,,2025-05-28 16:34:17.966284+00,2025-05-30 15:45:54.151126+00
240,25,,daemon-wms-iss,1,12,,2025-05-29,2025-05-29,,,2025-05-28 16:34:24.834819+00,2025-05-30 15:45:59.240187+00
241,25,,daemon-wms-orr,1,12,,2025-06-02,2025-06-02,,,2025-05-28 16:34:30.954763+00,2025-05-30 15:45:33.272188+00
242,25,,iht,1,7,,2025-05-30,2025-06-02,,,2025-05-28 16:34:37.89355+00,2025-05-30 15:45:49.894513+00
243,25,,ins,1,12,,2025-06-02,2025-06-02,,,2025-05-28 16:34:42.790445+00,2025-05-30 15:45:37.762036+00
244,25,,sls-posunificado,1,12,,2025-06-02,2025-06-03,,,2025-05-28 16:34:48.073533+00,2025-05-30 15:45:43.628254+00
245,25,,svs-posunificado,1,12,,2025-06-03,2025-06-03,,,2025-05-28 16:34:53.274491+00,2025-05-30 15:45:28.602288+00
246,25,,valefid,1,12,,2025-05-28,2025-05-28,,,2025-05-28 16:35:00.605986+00,2025-05-30 15:46:07.476998+00
247,26,,Migracion MicroServicios,5,12,,2025-06-02,2025-06-05,,,2025-06-02 16:15:10.182075+00,2025-06-17 20:03:36.61125+00
248,26,247,Revision Repositorios,4,12,,2025-06-02,2025-06-02,,,2025-06-02 16:21:44.918823+00,2025-06-03 18:21:29.05699+00
249,26,248,Verificar los 6 Repositorios,1,12,,2025-06-02,2025-06-02,,,2025-06-02 16:22:59.387574+00,2025-06-03 18:21:14.089619+00
250,26,247,Procesos de Migracion,4,12,,2025-06-03,2025-06-04,,,2025-06-02 16:24:22.649269+00,2025-06-11 12:28:39.58716+00
251,26,250,Migracion IHT,1,12,,2025-06-03,2025-06-04,,,2025-06-02 16:25:41.770364+00,2025-06-11 12:28:12.971712+00
252,26,250,Migracion INS,1,12,,2025-06-03,2025-06-04,,,2025-06-02 16:26:06.938313+00,2025-06-11 12:21:33.47686+00
253,26,250,Migracion SLS-POSUnificado,1,12,,2025-06-03,2025-06-04,,,2025-06-02 16:26:36.363163+00,2025-06-11 12:21:21.664683+00
254,26,250,Migracion SVS-POSUnificado,1,12,,2025-06-03,2025-06-04,,,2025-06-02 16:26:56.791525+00,2025-06-11 12:21:11.75339+00
255,26,250,Migracion VALE FID,1,12,,2025-06-03,2025-06-04,,,2025-06-02 16:27:12.374199+00,2025-06-11 12:20:59.786458+00
256,26,250,Migracion Transito Mercaderia,1,12,,2025-06-03,2025-06-04,,,2025-06-02 16:28:06.391357+00,2025-06-11 12:20:46.081654+00
257,26,247,Pruebas Internas,4,12,,2025-06-04,2025-06-04,,,2025-06-02 16:30:25.586528+00,2025-06-11 12:28:33.226616+00
258,26,248,Repositorio y Ticket JIRA,1,12,,2025-06-02,2025-06-02,,,2025-06-02 16:30:55.67509+00,2025-06-03 18:20:46.269265+00
259,26,257,Pruebas  de los Micro Servicios ,1,12,,2025-06-04,2025-06-04,,,2025-06-02 16:31:27.268778+00,2025-06-11 12:28:21.837031+00
260,26,247,Pruebas QA,4,1,,2025-06-05,2025-06-05,,,2025-06-02 16:33:05.079442+00,2025-06-02 19:36:56.4657+00
261,26,247,Despliegue Produccion ,4,1,,,,,,2025-06-02 16:33:20.476445+00,2025-06-02 16:34:06.810417+00
262,26,260,Enviar PR a UAT (QA),1,1,,2025-06-05,2025-06-05,,,2025-06-02 16:33:46.308913+00,2025-06-02 19:37:06.717957+00
263,26,261,Generar PR a Release,1,1,,,,,,2025-06-02 16:34:06.664266+00,2025-06-02 16:34:06.902912+00
264,27,,Acumulación de puntos - cambio de producto,7,12,,2025-06-10,2025-06-12,,,2025-06-11 12:32:00.893089+00,2025-06-12 19:46:35.172931+00
265,27,264,Revision Metodo PKG_NOTA_CREDITO_PARCIAL.UPD_PUNTOS_PED_CAB,1,12,,2025-06-11,2025-06-11,,,2025-06-11 12:32:27.534919+00,2025-06-11 13:09:09.916068+00
266,27,264,Revisar la NC no debe subir a Orvees,1,12,,2025-06-10,2025-06-10,,,2025-06-11 12:32:46.557905+00,2025-06-11 20:02:12.550574+00
267,27,264,Verificar la funcion F_I_CALCULA_PUNTOS,1,12,,2025-06-10,2025-06-10,,,2025-06-11 12:33:02.88647+00,2025-06-11 13:08:55.81721+00
268,27,264,Pruebas Internas ,1,12,,2025-06-11,2025-06-11,,,2025-06-11 12:33:22.528549+00,2025-06-11 20:02:25.181975+00
292,27,264,Actualizacion Columna Fidelizado,1,12,,2025-06-12,2025-06-12,,,2025-06-12 19:46:34.952695+00,2025-06-13 12:53:23.315348+00
274,28,, Sin Digemid / Con Digemid,4,12,,2025-06-12,2025-07-03,,,2025-06-12 19:11:57.726372+00,2025-07-08 23:23:50.41939+00
275,28,274,Iniciar proceso de ventas ,1,12,,2025-06-12,2025-06-13,,,2025-06-12 19:31:10.258169+00,2025-06-16 19:09:39.160794+00
276,28,274,Buscar cliente y verificar permiso DIGEMID,1,12,,2025-06-12,2025-06-16,,,2025-06-12 19:31:26.595873+00,2025-06-16 19:09:31.017466+00
277,28,274,Seleccionar producto y generar pedido,1,12,,2025-06-16,2025-06-18,,,2025-06-12 19:31:43.132661+00,2025-06-25 20:08:32.332729+00
278,28,274,[Validacion] Proceso de cobro del pedido,1,12,,2025-06-19,2025-06-19,,,2025-06-12 19:31:58.96765+00,2025-06-25 20:08:50.584856+00
279,28,274,[Validacion] Anulación de venta / Cambio de producto,1,12,,2025-06-20,2025-06-20,,,2025-06-12 19:34:27.374317+00,2025-06-25 20:09:44.366593+00
280,28,274,Emisión y uso del saldo de Nota de Crédito anterior,1,12,,2025-06-20,2025-06-23,,,2025-06-12 19:35:28.099605+00,2025-06-27 19:05:02.23254+00
281,28,274,Reintento de uso del saldo de NC,1,12,,2025-06-24,2025-06-25,,,2025-06-12 19:36:13.253372+00,2025-06-27 19:10:30.387108+00
282,28,274,[validacion] Visualizar Pedidos RET / RAD,1,12,,2025-07-02,2025-07-02,,,2025-06-12 19:37:05.68975+00,2025-07-02 15:35:00.215776+00
283,28,274,[Validaciones] Flujo de NC con productos afectos e inafectos,1,12,,2025-07-03,2025-07-03,,,2025-06-12 19:37:45.046712+00,2025-07-08 23:24:11.749178+00
284,28,274,[validaciones]Flujo de NC con productos solo inafectos,1,12,,2025-07-03,2025-07-03,,,2025-06-12 19:38:10.482119+00,2025-07-08 23:24:06.116248+00
285,28,,Con Digemid,4,12,,2025-06-25,2025-07-01,,,2025-06-12 19:38:38.633458+00,2025-07-02 15:36:18.919382+00
286,28,285,Proceso de devolución con DIGEMID y NC aplicada,1,12,,2025-06-25,2025-06-27,,,2025-06-12 19:40:01.116736+00,2025-06-30 19:46:26.715352+00
287,28,285,Cancelar uso del saldo a favor,1,12,,2025-06-27,2025-06-30,,,2025-06-12 19:40:36.777116+00,2025-07-02 15:33:42.822266+00
288,28,285,"Validaciones: número de pedido, NC duplicada",1,12,,2025-06-30,2025-07-01,,,2025-06-12 19:41:10.759516+00,2025-07-02 15:34:05.652001+00
289,28,,Pruebas Internas,4,12,,2025-07-02,2025-07-07,,,2025-06-12 19:42:30.266971+00,2025-07-08 23:24:27.618411+00
290,28,289,Pruebas en Tablet ,1,12,,2025-07-02,2025-07-07,,,2025-06-12 19:43:10.901369+00,2025-07-08 23:24:22.332684+00
291,28,,Pruebas QA,4,12,,2025-07-09,2025-07-11,,,2025-06-12 19:43:34.014077+00,2025-07-14 13:21:24.446353+00
269,29,,[RPA] Implementacion de Instalador Automatico para nueva Version PinPad,4,1,,2025-06-11,2025-06-16,,,2025-06-11 16:33:01.397743+00,2025-06-11 19:26:07.360623+00
270,29,269,Análisis y Configuración del Entorno,1,12,,2025-06-12,2025-06-12,,,2025-06-11 19:22:46.050475+00,2025-06-13 12:53:08.411287+00
271,29,269,Desarrollo del Script RPA,1,12,,2025-06-13,2025-06-13,,,2025-06-11 19:23:44.40876+00,2025-06-17 20:04:31.647145+00
272,29,269,Validaciones cruzadas y pruebas finales,1,7,,2025-06-16,2025-06-16,,,2025-06-11 19:24:18.911204+00,2025-06-17 20:05:02.396261+00
273,29,269,Revision de Requerimiento,1,12,,2025-06-11,2025-06-11,,,2025-06-11 19:24:46.87056+00,2025-06-12 19:47:50.507947+00
298,30,,[Titán] - Registro y edición de Lote,4,12,,2025-06-10,2025-06-20,,,2025-06-16 13:38:52.318002+00,2025-06-21 18:11:19.931845+00
299,30,298,[Titán - Registro de lote] - Agregar nuevo lote desde la ventana Selección de Lote,6,12,,2025-06-10,2025-06-20,,,2025-06-16 13:39:14.872413+00,2025-06-16 21:20:06.545515+00
300,30,298,"[Titán - Edición de lote] - Mostrar ventana ""Lista de productos""",6,12,,2025-06-11,2025-06-13,,,2025-06-16 13:39:35.876257+00,2025-06-16 21:20:11.696799+00
301,30,298,[Titán - Registro/Edición de lote] - Validar errores en el registro de lote y vencimiento,6,12,,2025-06-12,2025-06-17,,,2025-06-16 13:40:03.341502+00,2025-06-16 21:20:16.780566+00
302,30,,[Titán] - Solicitud de devolución,4,12,,2025-06-16,2025-06-18,,,2025-06-16 13:40:17.169218+00,2025-06-21 18:11:12.387689+00
303,30,302,[Titán] - Validación por Política de Canje,6,12,,2025-06-16,2025-06-18,,,2025-06-16 13:40:43.893188+00,2025-06-21 18:10:47.977008+00
304,30,303,homologar tabla LGT_PROD (columna POLI_CANJE),1,12,,2025-06-16,2025-06-16,,,2025-06-16 13:41:28.285516+00,2025-06-21 18:10:11.984976+00
305,30,303,Homologar data con politica canje,1,12,,2025-06-16,2025-06-16,,,2025-06-16 13:41:47.059633+00,2025-06-21 18:09:55.701124+00
306,30,303,Parametrizar meses devolucion PMM M2,1,12,,2025-06-16,2025-06-16,,,2025-06-16 13:41:59.855664+00,2025-06-21 18:10:06.017102+00
307,30,303,Parametrizar meses devolucion PMM vencido,1,12,,2025-06-16,2025-06-17,,,2025-06-16 13:47:04.720346+00,2025-06-21 18:09:47.249479+00
308,30,303,Parametrizar meses devolucion PMM sin politica,1,12,,2025-06-17,2025-06-17,,,2025-06-16 13:47:18.752945+00,2025-06-21 18:10:24.739106+00
309,30,303,validacion politica canje en funcion a CIA y valor POLI_CANJE,1,12,,2025-06-17,2025-06-18,,,2025-06-16 13:47:32.637543+00,2025-06-21 18:10:18.26935+00
310,30,303,Mostrar nuevo mensaje en footer cuando se seleccione lote con teclas direccional,1,12,,2025-06-18,2025-06-18,,,2025-06-16 13:47:46.089368+00,2025-06-21 18:10:41.055234+00
311,30,303,Mostrar nuevo mensaje cuando se presione F11,1,12,,2025-06-18,2025-06-18,,,2025-06-16 13:47:58.465311+00,2025-06-21 18:10:35.696148+00
312,30,303,Pruebas unitarias,1,12,,2025-06-18,2025-06-18,,,2025-06-16 13:48:11.940912+00,2025-06-21 18:10:30.31617+00
313,30,299,Analisis del actual y nuevo proceso de creacion de lotes,1,12,,2025-06-10,2025-06-10,,,2025-06-16 14:02:49.50315+00,2025-06-16 21:21:14.495979+00
314,30,299,"Crear DLG Creacion Lote (Datos producto, mensajes info y datos lote con dia, mes año)",1,12,,2025-06-10,2025-06-11,,,2025-06-16 14:03:05.070937+00,2025-06-16 21:21:09.278661+00
315,30,299,Obenter informacion de producto,1,12,,2025-06-11,2025-06-11,,,2025-06-16 14:03:28.969386+00,2025-06-16 21:21:24.644984+00
316,30,299,paramametrizar mensaje INFO de lote,1,12,,2025-06-11,2025-06-11,,,2025-06-16 14:03:46.050065+00,2025-06-16 21:21:19.936292+00
317,30,299,Indicador para usar nueva ventana y deprecar la anterios,1,12,,2025-06-19,2025-06-19,,,2025-06-16 14:03:59.466335+00,2025-06-16 21:21:29.332825+00
318,30,299,Pruebas unitarias,1,12,,2025-06-20,2025-06-20,,,2025-06-16 14:04:11.56033+00,2025-06-16 21:21:37.872118+00
319,30,300,Analisis de actual y nuevo proceso de edicion de lotes,1,12,,2025-06-11,2025-06-12,,,2025-06-16 14:10:24.306666+00,2025-06-16 21:20:48.635072+00
320,30,300,"Mostrar datos del lote (lote, dia, mes ,año)",1,12,,2025-06-12,2025-06-12,,,2025-06-16 14:10:39.676728+00,2025-06-16 21:20:57.36659+00
321,30,300,Actualizar lote,1,12,,2025-06-12,2025-06-12,,,2025-06-16 14:10:50.984462+00,2025-06-16 21:20:53.242911+00
322,30,300,Pruebas unitarias,1,12,,2025-06-13,2025-06-13,,,2025-06-16 14:11:02.753298+00,2025-06-16 21:21:01.951701+00
323,30,301,Valida y mostrar errores caja de texto lote,1,12,,2025-06-12,2025-06-13,,,2025-06-16 14:18:08.55447+00,2025-06-16 21:20:26.032981+00
324,30,301,"Validar y mostrar errores caja texto dia, mes y año y darle foco",1,12,,2025-06-13,2025-06-16,,,2025-06-16 14:18:23.551761+00,2025-06-16 21:20:30.682847+00
325,30,301,parametrizar rango año permitido,1,12,,2025-06-16,2025-06-16,,,2025-06-16 14:18:38.293015+00,2025-06-16 21:20:35.434684+00
326,30,301,Pruebas unitarias,1,12,,2025-06-17,2025-06-17,,,2025-06-16 14:18:53.412855+00,2025-06-16 21:20:40.652825+00
335,32,,Pantalla de cambio de Precios,4,12,,2025-06-26,2025-07-01,,,2025-06-25 18:32:27.987914+00,2025-07-03 19:47:40.205913+00
336,32,335,[Diseño de la Pantalla] Grilla de Impresion de Precios ,1,12,,2025-06-26,2025-06-26,,,2025-06-25 18:33:59.85782+00,2025-06-27 14:01:30.649995+00
337,32,335,[Logica Diseño] Listar componenes filtro,1,12,,2025-06-27,2025-06-30,,,2025-06-25 18:41:53.677075+00,2025-07-02 19:30:50.366757+00
338,32,335,[Popup] Alerta impresion Cambio de Producto,1,12,,2025-07-01,2025-07-01,,,2025-06-25 18:46:58.628756+00,2025-07-02 19:32:38.004435+00
339,32,335,[Logica Diseño] Aplicar Criterios de Ordenamiento ,1,12,,2025-07-01,2025-07-01,,,2025-06-25 18:48:53.338608+00,2025-07-03 19:47:14.408411+00
341,32,,Impresion,4,12,,2025-07-02,2025-07-07,,,2025-06-25 18:53:28.155591+00,2025-07-09 17:06:35.029322+00
343,32,341,[Termica] Formato Impresion InkaFarma,1,12,,2025-07-07,2025-07-07,,,2025-06-25 18:58:38.300939+00,2025-07-09 17:06:47.531927+00
344,32,341,[Termica y Flajera] Formato Impresion MiFarma,1,12,,2025-07-04,2025-07-04,,,2025-06-25 18:59:06.19608+00,2025-07-09 17:06:40.786136+00
345,32,,Pruebas Internas,4,12,,2025-07-08,2025-07-09,,,2025-06-25 19:05:35.992069+00,2025-07-10 14:15:20.693189+00
346,32,345,Pruebas Impresion en Flajera ,1,12,,2025-07-09,2025-07-09,,,2025-06-25 19:06:10.125547+00,2025-07-10 14:15:34.310271+00
347,32,345,Pruebas Impresion Termica,1,12,,2025-07-08,2025-07-08,,,2025-06-25 19:06:33.539662+00,2025-07-10 14:15:23.39828+00
348,32,341,[Precio Regular] Diseño de Stickers ,1,12,,2025-07-03,2025-07-03,,,2025-06-25 19:07:21.610653+00,2025-07-04 19:45:51.187408+00
349,32,341,[Precio Promocional] Diseño de Stickers,1,12,,2025-07-02,2025-07-02,,,2025-06-25 19:07:54.229005+00,2025-07-03 19:49:01.355334+00
350,32,,Pruebas QA,4,12,,2025-07-10,2025-07-11,,,2025-06-25 19:10:14.757817+00,2025-07-16 19:57:27.826725+00
351,32,,Pilotos,4,12,,,,,,2025-06-25 19:10:30.128605+00,2025-07-16 19:57:36.482966+00
355,33,,Desactivación uso tarjeta monedero registro y búsqueda cliente,6,12,,2025-06-26,2025-06-27,,,2025-06-26 19:53:08.96824+00,2025-07-02 18:30:05.233116+00
356,33,355,Validación de existencia de FLAG,1,12,,2025-06-26,2025-06-27,,,2025-06-26 19:54:17.71109+00,2025-07-02 18:29:47.571411+00
357,33,355,Validación de uso de tarjeta en registro y búsqueda de cliente,1,12,,2025-06-26,2025-06-26,,,2025-06-26 19:55:11.621414+00,2025-07-02 18:29:42.642203+00
358,33,355,Mostrar mensaje búsqueda de cliente por nro tarjeta,1,12,,2025-06-27,2025-06-27,,,2025-06-26 19:57:46.924988+00,2025-07-02 18:29:24.501527+00
359,33,355,Actualizar FLAG existentes obliga uso tarjeta,1,12,,2025-06-27,2025-06-27,,,2025-06-26 19:59:05.832065+00,2025-07-02 18:29:16.755347+00
360,33,355,Pruebas unitarias,1,12,,2025-06-27,2025-06-27,,,2025-06-26 19:59:24.476532+00,2025-07-02 18:29:10.693372+00
368,34,,[exe] Crear 6 nuevos estado para trazabilidad,1,12,,2025-06-25,2025-06-26,,,2025-07-03 15:37:33.805361+00,2025-07-03 16:38:31.615247+00
369,34,,[exe] Bloquear teclado y mouse desde el ejecutable,1,12,,2025-07-02,2025-07-02,,,2025-07-03 15:39:07.554037+00,2025-07-03 16:39:24.539884+00
370,34,,[exe] Agregar funcionalidad para guardar el .log,1,12,,2025-06-26,2025-06-26,,,2025-07-03 15:48:46.959238+00,2025-07-03 16:38:41.37207+00
371,34,,[posu] Validar antes y despues el servicio HGateway,1,12,,2025-06-27,2025-06-27,,,2025-07-03 16:08:04.362968+00,2025-07-03 16:39:05.81778+00
372,34,,[posu] El ejecución debe ser una sola vez,1,12,,2025-06-24,2025-06-24,,,2025-07-03 16:21:30.633731+00,2025-07-03 16:38:14.366271+00
373,34,,[exe] Validar el usuario administrator,1,12,,2025-06-25,2025-06-25,,,2025-07-03 16:21:41.580877+00,2025-07-03 16:38:24.445939+00
374,34,,[exe] Desinstalar HGateway 6.4,1,12,,2025-06-23,2025-06-23,,,2025-07-03 16:21:53.06954+00,2025-07-03 16:37:32.045253+00
375,34,,[exe] Instalar HGateway 6.5,1,12,,2025-06-24,2025-06-24,,,2025-07-03 16:22:02.654044+00,2025-07-03 16:38:03.654604+00
376,34,,[posu] El posu debe esperar en todo el proceso de instalación,1,12,,2025-06-25,2025-06-27,,,2025-07-03 16:22:16.049273+00,2025-07-03 16:38:52.926543+00
377,34,,[pilotos] Día 1,1,12,,2025-07-03,2025-07-03,,,2025-07-03 16:30:25.391652+00,2025-07-17 16:43:02.605132+00
378,34,,[despliegue] Día 1,1,12,,2025-07-07,2025-07-07,,,2025-07-03 16:31:02.513319+00,2025-07-17 16:43:13.108701+00
379,34,,[exe] Mejora para controlar el login admin desde ejecutable,1,12,,2025-07-03,2025-07-03,,,2025-07-03 16:41:50.634019+00,2025-07-17 15:52:43.584958+00
459,34,,[despliegues] 220 locales,1,12,,2025-07-07,2025-07-17,,,2025-07-17 16:43:50.156075+00,2025-07-17 16:48:00.872611+00
460,34,,[despliegues] 30 locales,1,12,,2025-07-17,2025-07-18,,,2025-07-17 16:44:25.565644+00,2025-07-22 14:41:33.383464+00
461,34,,[exe] Mejora validar la existencia del 6.5,1,1,,2025-07-24,2025-07-25,,,2025-07-17 16:45:42.877226+00,2025-07-22 14:41:53.207413+00
462,34,,[posu] Revisión caso pinpad cierra el posu,1,12,,2025-07-16,2025-07-17,,,2025-07-17 16:48:56.903953+00,2025-07-22 14:41:27.647541+00
504,34,,[posu] Mejora para validar el estado del servicio HGateway,1,12,,2025-07-21,2025-07-22,,,2025-07-22 14:42:48.605794+00,2025-08-22 14:31:31.668363+00
510,34,,[PILOTOS SIB],1,7,,2025-06-19,2025-08-08,,,2025-07-25 14:44:33.135434+00,2025-08-29 20:26:07.353126+00
402,35,,[POSU] Reporte de Anulaciones ,4,12,,2025-07-21,2025-07-31,,,2025-07-14 14:06:57.55328+00,2025-08-01 15:34:53.313313+00
403,35,402,[Front] Diseño de Ventana ,1,12,,2025-07-21,2025-07-21,,,2025-07-14 14:07:35.316686+00,2025-07-22 19:01:14.784416+00
404,35,402,[Cabecera] SQL Consulta para para Grilla Principal ,1,12,,2025-07-22,2025-07-24,,,2025-07-14 14:14:31.671517+00,2025-07-24 19:27:54.608112+00
405,35,402,[Detalle] SQL Consulta para para Detalle ,1,12,,2025-07-24,2025-07-25,,,2025-07-14 14:15:45.664099+00,2025-07-30 13:05:19.635386+00
406,35,402,[Ordenar] Ordenar la Grilla Principal,1,12,,2025-07-25,2025-07-25,,,2025-07-14 14:26:01.203163+00,2025-07-30 13:05:25.205674+00
407,35,402,[Exportar] Grilla de Venta,1,12,,2025-07-31,2025-07-31,,,2025-07-14 14:30:53.911657+00,2025-07-24 19:28:12.320913+00
408,35,402,[Printer] Imprimir Anulaciones,1,12,,2025-07-30,2025-07-31,,,2025-07-14 14:32:47.495335+00,2025-08-01 15:34:32.579926+00
409,35,,Pruebas Internas,4,12,,2025-08-01,2025-08-01,,,2025-07-14 14:33:24.971668+00,2025-08-04 13:09:13.487313+00
410,35,,Pruebas QA,4,12,,2025-08-05,2025-08-08,,,2025-07-14 14:34:04.683046+00,2025-08-08 21:00:45.241361+00
466,35,,Pilotos,4,1,,,,,,2025-07-18 15:41:17.943476+00,2025-07-18 15:41:18.12876+00
411,36,,[Backend] Mejora en carga de servicios,4,12,,2025-07-15,2025-08-05,,,2025-07-14 20:10:31.221018+00,2025-08-05 19:21:20.43014+00
413,36,411,[REDIS] Acelerar la carga en REDIS para la carga de productos,1,12,,2025-07-17,2025-07-18,,,2025-07-14 20:11:29.347373+00,2025-07-22 12:36:47.014946+00
414,36,,[FRONT]  Mejora en Diseño,4,12,,2025-07-16,2025-07-18,,,2025-07-14 20:11:56.477308+00,2025-07-22 12:37:33.622833+00
415,36,414,Homologar Diseño de Modals y Mensajes,1,12,,2025-07-16,2025-07-18,,,2025-07-14 20:12:54.719158+00,2025-07-22 12:36:56.754684+00
440,36,411,[CARGA INICIAL] Reducir la carga de indicadores del local ,1,12,,2025-07-15,2025-07-16,,,2025-07-15 19:51:38.930835+00,2025-07-16 22:45:45.208462+00
442,36,411,[CARGA INICIAL] Unificar la carga de Informacion de Productos y Precios para la vista de la Tabla,1,12,,2025-07-16,2025-07-16,,,2025-07-16 20:54:58.245106+00,2025-07-17 16:42:46.625651+00
443,36,411,[CARGA INICIAL] Validar la carga de Caja Abierta,1,12,,2025-07-16,2025-07-17,,,2025-07-16 20:56:53.894179+00,2025-07-18 00:01:44.784512+00
444,36,411,[PROCESO COBRO] Acelerar la carga de productos en el resumen de Pedido,1,12,,2025-07-30,2025-08-05,,,2025-07-16 20:58:09.286973+00,2025-08-05 19:20:14.805355+00
445,36,411,[PROMOTION] Acelerar la Carga de WOW,1,12,,2025-07-21,2025-07-22,,,2025-07-16 20:58:44.710531+00,2025-07-30 16:59:43.17182+00
446,36,411,[PROMOTION] Acelerar la Carga de Complementarios,1,12,,2025-07-17,2025-07-18,,,2025-07-16 21:00:07.686321+00,2025-07-30 16:59:37.191342+00
447,36,411,[PROCESO COBRO] Acelerar el Proceso de Cobro ,1,12,,2025-07-30,2025-08-04,,,2025-07-16 21:01:15.128109+00,2025-08-05 19:20:04.507578+00
463,36,411,[PROMOTION] pap-abax-promotion-ws,1,12,,2025-07-24,2025-07-25,,,2025-07-17 19:00:51.898394+00,2025-08-05 19:20:31.235092+00
464,36,,[CARGA INICIAL] Despliegue ,4,12,,2025-07-18,2025-07-18,,,2025-07-18 13:42:15.159473+00,2025-07-22 12:37:19.987815+00
465,36,,[PROMOTION] Despliegue,4,12,,2025-07-21,,,,2025-07-18 13:44:12.330587+00,2025-08-05 19:20:50.114621+00
498,36,411,[FILTRO] Busqueda Productos,1,12,,2025-07-23,2025-07-23,,,2025-07-22 12:38:30.31937+00,2025-07-22 19:11:16.809869+00
499,36,411,[FILTRO] Busqueda Laboratorio/ Sintoma,1,12,,2025-07-25,2025-07-25,,,2025-07-22 12:38:59.762938+00,2025-07-30 16:59:57.009237+00
511,36,,[PROCESO COBRO] Despliegue,4,12,,,,,,2025-07-30 17:02:05.983379+00,2025-08-05 19:20:59.95672+00
432,37,,Mariale - Supply,5,1,,2025-07-14,2025-07-18,,,2025-07-15 19:24:46.306327+00,2025-07-15 20:04:53.387311+00
433,37,432,Recepción por bulto - Subsanación de evidencias,6,7,,2025-07-16,2025-07-17,,,2025-07-15 19:26:28.227704+00,2025-07-15 19:45:51.624075+00
434,37,432,Recepción mercadería - Mapeo de tipo de bulto,6,12,,2025-07-14,2025-07-15,,,2025-07-15 19:26:29.513198+00,2025-07-15 19:44:02.34981+00
435,37,432,Ventana Registro de Recepción - Resumen de cantidad,6,7,,2025-07-14,2025-07-16,,,2025-07-15 19:27:40.562032+00,2025-07-15 19:42:25.620933+00
436,37,432,F4 - Módulo de devolución de bandejas,6,7,,2025-07-14,2025-07-16,,,2025-07-15 19:28:20.182783+00,2025-07-15 19:57:00.136226+00
437,37,432,Mapeo de movimientos (Kardex) - Tipo de bandeja,6,1,,2025-07-16,2025-07-17,,,2025-07-15 19:29:11.255158+00,2025-07-15 19:44:28.077642+00
439,37,432,Avisos de alerta Devolución bandeja - Finalizar recepción,6,1,,2025-07-16,2025-07-17,,,2025-07-15 19:31:38.332128+00,2025-07-15 20:01:51.667608+00
441,37,432,Pruebas integrales,3,13,,2025-07-18,2025-07-18,,,2025-07-15 20:03:34.76731+00,2025-07-15 21:28:16.639076+00
417,38,,Límites para Cash In (Recarga),4,12,,2025-08-18,2025-08-22,,,2025-07-15 19:12:32.133523+00,2025-08-25 19:01:52.920228+00
418,38,417,Límite de monto máximo por transacción ,1,12,,2025-08-19,,,,2025-07-15 19:13:11.608227+00,2025-08-25 19:02:01.242786+00
419,38,417,Límite de monto mínimo por transacción,1,12,,2025-08-21,2025-08-22,,,2025-07-15 19:13:26.209902+00,2025-08-25 19:02:08.78167+00
421,38,417,Límite de monto máximo por día ,1,12,,2025-08-18,2025-08-18,,,2025-07-15 19:14:32.438167+00,2025-08-25 19:02:16.600927+00
422,38,417,Límite de transacciones por día 2 ,1,12,,2025-08-20,2025-08-21,,,2025-07-15 19:14:48.852688+00,2025-08-25 19:02:20.976856+00
423,38,,Límites para Cash Out (Disposición de Efectivo),4,12,,2025-08-18,2025-08-22,,,2025-07-15 19:15:54.750502+00,2025-08-25 19:02:56.214038+00
424,38,423,Límite de monto máximo por transacción S/250,1,12,,2025-08-21,2025-08-22,,,2025-07-15 19:16:14.250516+00,2025-08-25 19:02:31.602039+00
425,38,423,Límite de monto mínimo por transacción de S/10,1,12,,2025-08-20,2025-08-21,,,2025-07-15 19:16:27.317782+00,2025-08-25 19:02:37.685056+00
426,38,423,Límite de monto máximo por día S/500,1,12,,2025-08-18,2025-08-18,,,2025-07-15 19:16:41.664343+00,2025-08-25 19:02:43.691546+00
427,38,423,Límite de transacciones por día 2 ,1,12,,2025-08-19,2025-08-19,,,2025-07-15 19:16:53.231157+00,2025-08-25 19:02:47.448001+00
429,38,,Pruebas Internas,4,12,,2025-08-18,2025-08-22,,,2025-07-15 19:17:30.755297+00,2025-08-25 19:03:03.689171+00
430,38,,Pruebas QA,4,1,,2025-08-26,2025-08-28,,,2025-07-15 19:17:45.446151+00,2025-08-18 15:18:49.197095+00
570,38,,Pruebas Internas,4,1,,2025-08-22,2025-08-25,,,2025-08-18 15:17:10.741837+00,2025-08-18 15:17:50.352575+00
448,39,,[INTERFAZ] Facturación,1,12,,2025-07-10,2025-07-11,,,2025-07-17 16:03:04.428314+00,2025-07-17 16:39:54.849987+00
449,39,,[INTERFAZ] Compensaciones,1,12,,2025-07-10,2025-07-11,,,2025-07-17 16:03:41.866005+00,2025-07-17 16:40:02.484563+00
450,39,,[INTERFAZ] Clientes,1,12,,2025-07-12,2025-07-14,,,2025-07-17 16:04:04.536549+00,2025-07-17 16:40:29.600934+00
451,39,,[BD_DESA_RAC] Homologar objetos y data,1,12,,2025-07-11,2025-07-12,,,2025-07-17 16:05:08.22968+00,2025-07-17 16:40:10.362347+00
452,39,,[FINANCIERO_WEB] Validar perfil de usuario,1,12,,2025-07-10,2025-07-10,,,2025-07-17 16:08:04.798064+00,2025-07-17 16:39:37.034621+00
453,39,,[SOAP] Nuevo servicio para la interfaz de facturación,1,12,,2025-07-15,2025-07-16,,,2025-07-17 16:12:38.110291+00,2025-07-17 16:41:10.734229+00
454,39,,[REST] Nuevas credenciales para la interfaz de clientes,1,12,,2025-07-14,2025-07-14,,,2025-07-17 16:13:39.430217+00,2025-07-17 16:40:39.33086+00
455,39,,[WSDL] Otorgar permisos al servidor de la intranet,1,12,,2025-07-11,2025-07-11,,,2025-07-17 16:15:15.614787+00,2025-07-17 16:40:18.458418+00
456,39,,[REUNION] Para validar los servicios SOAP y REST,1,12,,2025-07-14,2025-07-14,,,2025-07-17 16:28:53.053518+00,2025-07-17 16:40:34.302206+00
457,39,,[REUNION] Pruebas de las interfaces - Vol1,1,12,,2025-07-17,2025-07-17,,,2025-07-17 16:37:19.329757+00,2025-07-18 20:04:29.434952+00
458,39,,[FINANCIERO_WEB] Linea de crédito bloqueado,1,12,,2025-07-17,2025-07-17,,,2025-07-17 16:38:33.782787+00,2025-07-18 20:04:06.198202+00
491,39,,[INTERFAZ] Revisar caso de linea de crédito,1,12,,2025-07-17,2025-07-18,,,2025-07-18 20:00:59.936044+00,2025-07-22 14:21:33.142885+00
492,39,,[REUNION] Pruebas de las interfaces - Vol2,1,12,,2025-07-18,2025-07-18,,,2025-07-18 20:01:46.734536+00,2025-07-22 14:39:02.739371+00
502,39,,Caso de línea de crédito,1,12,,2025-07-21,2025-07-22,,,2025-07-22 14:34:17.406765+00,2025-07-22 14:39:11.17571+00
503,39,,[REUNION] Pruebas de las interfaces - Vol3,1,12,,2025-07-22,2025-07-22,,,2025-07-22 14:39:27.081328+00,2025-07-24 17:36:08.516433+00
505,39,,[INTERFAZ] Revisar API de clientes,1,12,,2025-07-24,2025-07-25,,,2025-07-24 17:31:35.973294+00,2025-08-07 16:42:50.336163+00
506,39,,"[FINANCIERO] Revisar error ""Monto no autorizado""",1,12,,2025-07-24,2025-07-24,,,2025-07-24 17:32:21.045937+00,2025-08-07 16:48:39.522989+00
507,39,,[INTERFAZ] Corregir autentificación SOAP,1,12,,2025-07-30,2025-08-01,,,2025-07-24 17:34:02.306738+00,2025-08-07 16:43:01.032507+00
517,39,,[REUNION] Pruebas de las interfaces - Vol4,1,12,,2025-07-30,2025-07-30,,,2025-07-30 19:45:14.444079+00,2025-07-30 19:45:45.231973+00
520,39,,DOCUMENTACION,1,12,,2025-08-12,2025-08-13,,,2025-07-30 20:55:59.350965+00,2025-08-22 14:06:34.801511+00
535,39,,[NEW BD RAC] Corregir y homologar objetos,1,12,,2025-08-01,2025-08-05,,,2025-08-07 16:35:34.522724+00,2025-08-07 16:47:58.417886+00
536,39,,[BE_FINANCIERO] Modificar .yml y realizar pruebas,1,12,,2025-08-05,2025-08-07,,,2025-08-07 16:37:16.666246+00,2025-08-08 17:21:58.214875+00
537,39,,[BE_FINANCIERO] Desplegar cambios,1,12,,2025-08-07,2025-08-07,,,2025-08-07 16:37:59.760063+00,2025-08-08 17:22:56.983815+00
538,39,,[BE_FINANCIERO] Añadir regla firewall NEW IP RAC,1,12,,2025-08-07,2025-08-07,,,2025-08-07 16:40:34.986254+00,2025-08-08 17:22:45.805571+00
539,39,,[FINANCIERO WEB] Prueba y Error,1,12,,2025-08-07,2025-08-07,,,2025-08-07 16:41:36.156932+00,2025-08-08 17:22:33.905596+00
540,39,,[INTERFAZ] Agregar nueva ip del rac al tnsname,1,12,,2025-08-07,2025-08-07,,,2025-08-07 16:50:57.703995+00,2025-08-08 17:22:09.193822+00
541,39,,[INTERFAZ] Modificar .php por la nueva ip del rac,1,12,,2025-08-08,2025-08-08,,,2025-08-07 16:51:31.798381+00,2025-08-08 17:29:42.038844+00
542,39,,[INTERFAZ] Prueba y Error,1,12,,2025-08-08,2025-08-08,,,2025-08-07 16:52:08.7321+00,2025-08-08 17:29:35.690876+00
543,39,,[INTERFAZ] Revisar API de clientes (interno),1,12,,2025-08-08,2025-08-08,,,2025-08-07 16:53:20.73281+00,2025-08-08 17:29:26.514794+00
544,39,,[REUNION] Pruebas de las interfaces - Vol5,1,12,,2025-08-08,2025-08-08,,,2025-08-07 16:53:46.46367+00,2025-08-22 14:24:15.749913+00
584,39,,KT - SOPORTE POS,1,12,,2025-08-13,2025-08-13,,,2025-08-22 14:07:54.039956+00,2025-08-22 14:22:36.949837+00
585,39,,ACTIVACIÓN SAP HANA,1,12,,2025-08-20,2025-08-20,,,2025-08-22 14:24:08.704963+00,2025-08-22 14:24:08.867214+00
586,39,,[INTERFAZ CLIENTE] No funciona,1,12,,2025-08-21,2025-08-21,,,2025-08-22 14:24:51.923661+00,2025-08-22 14:28:44.503224+00
587,39,,Validar asientos generados para las facturas enviadas,1,7,,2025-08-21,2025-08-22,,,2025-08-22 14:30:01.029132+00,2025-08-22 14:31:01.010557+00
467,40,,[Mejoras] Pantalla Stickers ,4,12,,2025-07-21,2025-07-22,,,2025-07-18 15:44:32.764931+00,2025-07-24 19:29:08.656756+00
468,40,,[Mejoras] Diseño de Impresion ,4,12,,2025-07-21,2025-07-21,,,2025-07-18 15:44:54.115601+00,2025-07-22 12:41:52.194383+00
469,40,,[Pruebas] Pruebas Internas,4,12,,2025-07-24,2025-07-25,,,2025-07-18 15:45:54.404147+00,2025-07-30 13:01:39.812207+00
470,40,,[QA] Pruebas QA,4,12,,2025-08-07,2025-08-08,,,2025-07-18 15:46:14.65023+00,2025-08-08 20:59:56.048784+00
493,41,,Revisión y análisis de la H.U ,1,12,,2025-07-18,2025-07-18,,,2025-07-21 22:34:52.493522+00,2025-07-22 14:16:13.483251+00
494,41,,[BE] Crear endpoint con el tipo de retorno,1,12,,2025-07-21,2025-07-21,,,2025-07-21 22:38:19.71319+00,2025-07-24 17:40:43.602727+00
495,41,,[FE] Solicitud de creación de repositorio para el frontend,1,12,,2025-07-21,2025-07-22,,,2025-07-21 22:39:25.433618+00,2025-07-24 17:49:26.074598+00
496,41,,[FE] Despliegue del frontend con dominio especifico,1,12,,2025-07-25,2025-07-31,,,2025-07-21 22:42:14.17238+00,2025-08-07 15:59:42.153658+00
497,41,,[FE] Desarrollo de la pagina en base al diseño propuesto,1,12,,2025-07-22,2025-07-25,,,2025-07-21 22:45:47.845492+00,2025-08-07 15:59:42.459478+00
500,41,,[FE] Integración con el api de consulta comprobante,1,12,,2025-07-25,2025-07-31,,,2025-07-22 14:13:41.61581+00,2025-08-07 15:23:37.882414+00
501,41,,Pruebas unitarias,1,12,,2025-08-07,2025-08-07,,,2025-07-22 14:14:31.077008+00,2025-08-12 22:54:29.571671+00
508,41,,[BE] Despliegue del nuevo endpoint con el tipo de retorno,1,12,,2025-07-30,2025-08-07,,,2025-07-24 17:39:00.307152+00,2025-08-07 16:20:40.434778+00
509,41,,[FE] Revisión del diseño,1,12,,2025-07-24,2025-07-24,,,2025-07-24 17:43:28.37295+00,2025-07-25 13:40:46.406032+00
518,41,,[BE] Security controller consulta cpe,1,12,,2025-07-30,2025-08-01,,,2025-07-30 19:54:25.023228+00,2025-08-07 16:08:12.555741+00
519,41,,[FE] reCAPTCHA,1,12,,2025-07-30,2025-08-05,,,2025-07-30 19:55:05.476174+00,2025-08-07 16:13:38.589915+00
532,41,,[BE] Unificar controlador send task,1,12,,2025-08-04,2025-08-07,,,2025-08-07 16:07:56.492314+00,2025-08-07 16:11:48.66077+00
533,41,,Pruebas en conjunto,1,12,,2025-08-08,2025-08-08,,,2025-08-07 16:16:40.190323+00,2025-08-12 22:54:42.967624+00
534,41,,[FE] Mejoras en el código,1,12,,2025-08-07,2025-08-07,,,2025-08-07 16:19:36.107199+00,2025-08-12 22:54:22.779896+00
545,41,,Corrección Pipeline,1,12,,2025-08-08,2025-08-08,,,2025-08-08 17:18:08.522549+00,2025-08-12 22:54:34.602931+00
521,43,,[Mariale] - Supply,5,1,,2025-07-30,2025-08-06,,,2025-08-01 16:22:30.511099+00,2025-08-01 21:58:59.965354+00
522,43,521,[Titán] - Devolución de bandejas,4,1,,2025-07-30,2025-08-01,,,2025-08-01 16:23:46.052023+00,2025-08-01 16:32:07.700786+00
523,43,521,[Titán] - Devolución de mercadería,4,1,,2025-07-30,2025-08-04,,,2025-08-01 16:24:22.880101+00,2025-08-01 16:37:07.665756+00
524,43,521,[Titán] -  Recepción de mercadería,4,1,,2025-08-01,2025-08-04,,,2025-08-01 16:25:37.455231+00,2025-08-01 16:35:18.123613+00
525,43,522,Bultos adicionales,6,7,,2025-07-30,2025-08-01,,,2025-08-01 16:26:36.935162+00,2025-08-01 17:53:39.419686+00
526,43,522,Devolución de bandejas - Flujos Sin Transito,6,9,,2025-07-30,2025-07-31,,,2025-08-01 16:27:08.17386+00,2025-08-01 17:55:59.840431+00
527,43,522,Reporte de Faltantes y Sobrantes,6,7,,2025-07-31,2025-08-01,,,2025-08-01 16:27:40.036197+00,2025-08-01 17:54:52.887623+00
528,43,523,F5 - Devolución de mercadería - Asociación de guía,6,7,,2025-07-30,2025-08-04,,,2025-08-01 16:33:09.490071+00,2025-08-01 17:56:36.372383+00
529,43,524,Constancia de Ingreso de Transportista,6,13,,2025-08-01,2025-08-04,,,2025-08-01 16:34:54.382762+00,2025-08-01 17:56:27.095537+00
530,43,523,Avisos de alerta Devolución mercadería - Finalizar recepción,6,13,,2025-08-04,2025-08-04,,,2025-08-01 16:36:10.095432+00,2025-08-01 17:58:07.663016+00
531,43,521,Pruebas integrales,3,13,,2025-08-05,2025-08-06,,,2025-08-01 21:57:57.025388+00,2025-08-01 21:59:08.120614+00
556,43,,"Integracion, QA, KT",3,13,,2025-08-11,2025-08-15,,,2025-08-12 20:44:04.508131+00,2025-08-12 20:45:34.202792+00
546,44,,[Printer] Generar Funcion para imprimir la Pre-Boleta,4,12,,2025-08-11,2025-08-12,,,2025-08-11 13:51:49.356062+00,2025-08-14 20:02:49.700022+00
547,44,546,[ORACLE] Funcion para Imprimir,1,12,,2025-08-11,2025-08-11,,,2025-08-11 13:52:13.490706+00,2025-08-12 20:44:19.183776+00
548,44,546,[JAVA] Parametrizar y llamar a la funcion para imprimir ,1,12,,2025-08-12,2025-08-12,,,2025-08-11 13:52:39.337916+00,2025-08-14 20:02:34.211553+00
549,44,,[Pruebas Internas],4,12,,2025-08-14,2025-08-14,,,2025-08-11 13:52:53.794432+00,2025-08-18 13:08:17.655658+00
550,44,,[QA],4,1,,2025-08-15,,,,2025-08-11 13:53:04.671031+00,2025-08-14 20:03:56.22385+00
551,45,,[Parametro] Agregar APP ID al SendTask,4,12,,2025-08-12,2025-08-13,,,2025-08-11 14:06:14.15781+00,2025-08-14 19:38:00.957394+00
552,45,551,[pbl_config] Agregar el APP ID,1,12,,2025-08-13,2025-08-13,,,2025-08-11 14:06:33.84007+00,2025-08-14 19:37:45.625937+00
553,45,551,[JAVA] Llamar al APP ID en la funcion de consultar estado del comprobante,1,12,,2025-08-12,2025-08-12,,,2025-08-11 14:06:54.815157+00,2025-08-14 19:37:31.563189+00
554,45,,Pruebas Internas,4,12,,,,,,2025-08-11 14:07:21.289791+00,2025-08-14 20:01:31.234235+00
557,47,,Revision  Reporte Millon,1,7,,2025-08-12,2025-12-19,,,2025-08-12 20:47:06.819396+00,2025-08-12 20:47:57.475002+00
559,48,1271,[Team Jedis] Mejoras Impresion de Stickers,1,12,,2025-08-11,2025-08-15,,,2025-08-16 05:02:01.317112+00,2026-02-11 07:27:28.164937+00
562,48,1271,[Team Jedis] Reporte de Anulaciones,1,12,,2025-08-04,2025-08-06,,,2025-08-16 05:09:23.941812+00,2026-02-11 07:27:40.674264+00
563,48,1271,[Team 6 Caminos] Titan Release 3,1,12,,2025-08-11,2025-08-15,,,2025-08-16 05:17:49.877059+00,2026-02-11 07:27:28.048749+00
568,48,1272,[Team Halcones Blancos] Mejoras B2B Fase 1.5 - NC,1,12,,2025-09-03,2025-09-05,,,2025-08-17 06:48:31.643645+00,2026-02-11 07:34:13.226268+00
610,48,1275,[Team Jedis] Nuevo Canal BEAUTY,1,12,,2025-09-15,2025-09-15,,,2025-08-29 04:31:51.149012+00,2026-02-11 07:48:51.616163+00
628,48,1272,[Team Halcones Blancos] Cupón Fugaz,1,12,,2025-09-03,2025-09-03,,,2025-09-02 17:05:59.498248+00,2026-02-11 07:34:36.317889+00
630,48,1276,[Team 6 Caminos] Titan Release 5,1,12,,2025-09-17,2025-09-19,,,2025-09-03 13:59:58.071941+00,2026-02-11 07:55:26.397383+00
631,48,1275,[Team .log] Eliminacion del hilo EPOS,1,12,,2025-09-09,2025-09-15,,,2025-09-03 16:26:26.985438+00,2026-02-11 07:48:30.955897+00
632,48,1275,[Team Jedis] Reporte de Ventas por Jerarquias,1,12,,2025-09-10,2025-09-10,,,2025-09-03 19:54:04.676954+00,2026-02-11 07:49:28.533053+00
633,48,1275,[Team 6 Caminos] Titan Release 4 (Dev. Bandeja - Eliminar Registro),1,12,,2025-09-10,2025-09-10,,,2025-09-08 17:54:25.378823+00,2026-02-11 07:48:42.117862+00
634,48,1275,[Team 6 Caminos] Nueva Pantalla Seleccion Forma De Pago,1,12,,2025-09-09,2025-09-09,,,2025-09-08 17:55:14.963993+00,2026-02-11 07:48:18.822521+00
635,48,1275,[Team 6 Caminos] DC - Devolver a la misma FP NC Matriz,1,12,,2025-09-11,2025-09-12,,,2025-09-08 17:55:55.290028+00,2026-02-11 07:49:20.572391+00
759,48,1275,[Team Halcones Blancos] Mejoras al consultar ORBIS,1,12,,2025-09-09,2025-09-15,,,2025-09-15 20:16:47.715016+00,2026-02-11 07:48:37.956479+00
775,48,1277,[Team Jedis] Mostrar 1 vez Complementario y Wow,1,12,,2025-09-22,2025-09-23,,,2025-09-22 19:59:58.164925+00,2026-02-11 08:03:00.495247+00
777,48,1272,[Team 6 Caminos] Titan Release 6,1,12,,,,,,2025-09-22 20:03:17.619897+00,2026-02-11 07:58:51.708318+00
778,48,1277,[Team 6 Caminos] Convenios,1,12,,2025-09-24,2025-09-26,,,2025-09-22 20:03:39.277801+00,2026-02-11 08:03:34.959205+00
779,48,1277,[Team 6 Caminos] Cambios en Lista de Productos,1,12,,2025-09-24,2025-09-26,,,2025-09-22 20:04:29.289692+00,2026-02-11 08:04:04.783788+00
845,48,1278,[Team 6 Caminos] Mejoras Rappi,1,12,,2025-10-09,2025-10-10,,,2025-10-07 20:14:38.086757+00,2026-02-11 08:08:44.820495+00
847,48,1278,[Team Jedis] Nueva Marca MONRROE,1,12,,2025-10-07,2025-10-09,,,2025-10-07 20:16:17.961571+00,2026-02-11 08:08:39.238397+00
872,48,1279,[Team 6 Caminos] Monitoreo de Ventanas,1,14,,2025-10-13,2025-10-14,,,2025-10-13 21:16:38.364006+00,2026-02-11 08:14:32.817414+00
873,48,1266,v3.32.0,4,12,,2025-10-15,2025-10-20,,,2025-10-13 21:18:29.12479+00,2026-02-11 08:19:32.606721+00
874,48,873,[Team 6 Caminos] TyC en Ventas para B2B NPR (Axteroid),1,12,,2025-10-15,2025-10-17,,,2025-10-13 21:25:56.556417+00,2026-02-11 08:17:20.613383+00
875,48,873,[Team Jedis] Mejoras Canal BEAUTY,1,12,,2025-10-17,2025-10-17,,,2025-10-13 21:38:32.561204+00,2025-10-27 15:12:07.203338+00
878,48,873,[Team Halcones Blancos] Retiro de Logo en Guia Axteroid,1,12,,2025-10-15,2025-10-17,,,2025-10-15 14:26:45.229746+00,2025-10-27 15:10:39.008294+00
879,48,873,[Team Halcones Blancos] TyC para Ventas y NC B2B NPR (Impresos),1,12,,2025-10-15,2025-10-17,,,2025-10-15 14:27:54.994971+00,2025-10-27 15:09:09.60289+00
880,48,873,[Team 6 Caminos] Monitoreo de Ventanas,1,12,,2025-10-15,2025-10-17,,,2025-10-15 14:58:33.130415+00,2025-10-27 14:12:30.314247+00
902,48,1266,v3.33.0,4,12,,2025-10-21,2025-10-24,,,2025-10-27 15:12:32.901545+00,2026-02-11 08:20:15.698834+00
903,48,902,[Team 6 Caminos] Cambio de Logica para Comple y Wow,1,12,,2025-10-21,2025-10-24,,,2025-10-27 15:29:56.208681+00,2025-10-27 15:37:37.60749+00
904,48,902,[Team 6 Caminos] Cambio en la Boleta para Rappi,1,12,,2025-11-10,2025-11-13,,,2025-10-27 15:32:18.481581+00,2026-02-11 08:37:01.153845+00
905,48,873,[Team 6 Caminos] TyC en NC para B2B NPR (Axteroid),1,12,,2025-10-20,2025-10-20,,,2025-10-27 15:39:33.293337+00,2025-10-27 15:40:53.808345+00
933,48,1281,[Team 6 Caminos] Metada en Monitoreo de Eventos,1,12,,2025-11-03,2025-11-05,,,2025-11-11 14:07:12.698261+00,2026-02-11 08:27:14.976633+00
935,48,1282,[Team Jedis] Marca Mia,1,12,,2025-11-10,2025-11-13,,,2025-11-11 14:11:21.309287+00,2026-02-11 08:35:31.401806+00
1106,48,1283,[Team Halcones Blancos] Stickers de Precios,1,14,,2026-01-05,2026-01-07,,,2026-01-19 15:39:57.901686+00,2026-02-11 08:41:24.159075+00
1107,48,1283,[Team 6 Caminos] Contingencia Convenios,1,14,,2026-01-07,2026-01-09,,,2026-01-19 15:42:06.797529+00,2026-02-11 08:41:32.599099+00
1108,48,1283,[Team 6 Caminos] Convenios SITED Sanitas,1,12,,2026-01-12,2026-01-16,,,2026-01-19 15:42:46.495522+00,2026-02-11 08:41:38.341382+00
1110,48,1284,[Team Halcones Blancos] Stickers de Precios,1,14,,2026-01-22,2026-01-29,,,2026-01-19 15:53:51.502575+00,2026-03-23 03:58:33.436486+00
1263,48,1284,[6C] Web Consulta IAFA,1,12,,2026-02-04,2026-02-06,,,2026-02-11 06:33:31.454727+00,2026-02-11 08:43:35.156871+00
1265,48,1285,[HB] Ticket Resumido,1,12,,2026-02-11,2026-02-16,,,2026-02-11 06:37:37.970009+00,2026-02-17 14:14:21.171723+00
1266,48,,Pruebas POSU v3,5,9,,2025-08-04,2027-01-05,,,2026-02-11 06:54:52.568312+00,2026-03-25 22:12:51.646961+00
1267,48,1266,v3.26.0,4,12,,2025-08-25,2025-08-29,,,2026-02-11 07:09:22.696508+00,2026-02-11 08:23:48.794094+00
1268,48,1267,[Jedis] Pre Boleta,1,12,,2025-08-25,2025-08-28,,,2026-02-11 07:14:52.426037+00,2026-02-11 08:38:31.461828+00
1269,48,1267,[6C] Sorteo Millón + Mensaje en Boleta,1,12,,2025-08-29,2025-08-29,,,2026-02-11 07:15:30.907329+00,2026-02-11 08:38:37.933545+00
1270,48,1267,[Jedis] Limites de Trx Diarias en AgoraQR,1,12,,2025-08-29,2025-08-29,,,2026-02-11 07:16:41.200212+00,2026-02-11 08:38:35.79256+00
1271,48,1266,v3.25.0,4,12,,2025-08-04,2025-08-15,,,2026-02-11 07:25:01.064475+00,2026-02-11 08:23:42.846119+00
1272,48,1266,v3.27.0,4,12,,2025-09-03,2025-09-05,,,2026-02-11 07:32:49.701491+00,2026-02-11 08:23:54.586968+00
1275,48,1266,v3.28.0,4,12,,2025-09-09,2025-09-15,,,2026-02-11 07:44:39.239577+00,2026-02-11 08:24:02.598867+00
1276,48,1266,v3.29.0,4,12,,2025-09-17,2025-09-19,,,2026-02-11 07:53:03.633492+00,2026-02-11 08:24:07.843199+00
1277,48,1266,v3.30.0,4,12,,2025-09-22,2025-09-26,,,2026-02-11 07:57:36.456802+00,2026-02-11 08:24:15.01381+00
1278,48,1266,v3.31.0,4,12,,2025-10-07,2025-10-10,,,2026-02-11 08:07:37.415791+00,2026-02-11 08:24:20.12938+00
1279,48,1266,v3.31.1,4,14,,2025-10-13,2025-10-14,,,2026-02-11 08:12:21.346392+00,2026-02-11 08:24:25.658072+00
1281,48,1266,v3.34.0,4,12,,2025-11-03,2025-11-05,,,2026-02-11 08:26:56.5774+00,2026-02-11 08:29:21.166888+00
1282,48,1266,v3.35.0,4,12,,2025-11-10,2025-11-13,,,2026-02-11 08:35:07.738265+00,2026-02-11 08:37:05.527993+00
1283,48,1266,v3.36.0,4,12,,2026-01-05,2026-01-16,,,2026-02-11 08:40:21.579483+00,2026-02-11 08:44:24.942832+00
1284,48,1266,v.3.37.0,4,12,,2026-01-22,2026-02-06,,,2026-02-11 08:42:07.417127+00,2026-02-11 08:44:30.546205+00
1285,48,1266,v.3.38.0,4,12,,2026-02-11,2026-02-16,,,2026-02-11 08:46:58.571891+00,2026-02-17 14:14:27.42662+00
1286,48,,Plan Mejora Q1,5,12,,2026-01-09,2026-04-17,,,2026-02-11 08:52:48.672795+00,2026-05-12 14:25:22.087039+00
1287,48,1286,Estabilidad de Ambientes,4,12,,2026-01-09,2026-01-30,,,2026-02-11 08:54:13.793669+00,2026-02-17 14:13:26.533711+00
1288,48,1286,Gestión de Plazos en QA,4,12,,2026-01-12,2026-01-30,,,2026-02-11 08:56:45.395328+00,2026-03-23 03:56:31.180981+00
1289,48,1286,Cumplimiento de Procedimientos,4,12,,2026-01-12,2026-04-17,,,2026-02-11 08:57:23.23446+00,2026-05-12 14:25:11.001385+00
1290,48,1287,Definir ventana de cambios controlada,1,12,,2026-01-09,2026-01-09,,,2026-02-11 09:06:56.641578+00,2026-02-11 09:29:24.563266+00
1291,48,1287,Checklist de verificación de ambiente previo a QA,1,12,,2026-01-09,2026-01-15,,,2026-02-11 09:08:02.701436+00,2026-02-11 09:30:09.216456+00
1292,48,1287,Bitácora de cambios por ambiente,1,12,,2026-01-12,2026-01-15,,,2026-02-11 09:08:57.346574+00,2026-02-11 09:42:01.687755+00
1293,48,1287,Homologación mensual QA vs Producción,3,12,,2026-01-12,2026-01-30,,,2026-02-11 09:09:19.553125+00,2026-02-17 14:12:45.673045+00
1294,48,1288,Formato planificación por HU,1,12,,2026-01-12,2026-01-16,,,2026-02-11 09:17:22.852249+00,2026-02-11 09:46:28.595713+00
1295,48,1288,Seguimiento semanal de certificaciones,1,12,,2026-01-12,2026-01-30,,,2026-02-11 09:24:24.139251+00,2026-02-11 09:50:25.964567+00
1296,48,1288,Reuniones semanales para futuras certificaciones,1,12,,2026-01-19,2026-01-30,,,2026-02-11 09:24:50.374756+00,2026-02-11 09:50:51.337057+00
1297,48,1289,Refrescar onboarding de procesos,1,12,,2026-01-12,2026-01-30,,,2026-02-11 09:25:30.094795+00,2026-02-11 09:56:45.058981+00
1298,48,1289,Publicar tablero mensual de cumplimiento,3,12,,2026-01-12,2026-04-17,,,2026-02-11 09:26:17.384817+00,2026-05-12 14:25:04.895447+00
1299,48,1293,Homologar TEST_BH3,1,12,,2026-01-12,2026-01-30,,,2026-02-11 09:44:31.514231+00,2026-02-17 14:12:12.87588+00
1300,48,1293,Homologar TEST_G13,1,12,,2026-01-12,2026-01-30,,,2026-02-11 09:44:49.274044+00,2026-02-17 14:12:40.256175+00
1301,48,1298,Tablero de Cumplimiento ENERO,1,12,,2026-01-12,2026-01-30,,,2026-02-11 09:54:34.386531+00,2026-02-17 14:11:31.834544+00
1302,48,1298,Tablero de Cumplimiento FEBRERO,1,12,,2026-02-02,2026-02-27,,,2026-02-11 09:55:19.255641+00,2026-03-17 14:09:48.299811+00
1303,48,1298,Tablero de Cumplimiento MARZO,1,12,,2026-03-02,2026-04-17,,,2026-02-11 09:56:12.353648+00,2026-05-12 14:24:58.549844+00
1378,48,1266,v3.39.0,4,12,,2026-02-25,2026-03-12,,,2026-02-24 14:16:19.030535+00,2026-03-23 03:49:12.01732+00
1379,48,1378,[6C] SITED Rimac y Pacifico,1,12,,2026-02-25,2026-03-05,,,2026-02-24 14:16:58.333096+00,2026-03-12 19:19:38.565125+00
1413,48,,Pruebas MyPalTime,5,12,,2026-02-24,2026-02-25,,,2026-03-02 14:24:26.250255+00,2026-03-23 03:55:23.234446+00
1414,48,1413,v2.8.2,4,12,,2026-02-24,2026-02-25,,,2026-03-02 14:25:30.768343+00,2026-03-23 03:55:23.178239+00
1793,48,1378,[HB] Mejoras en Impresion de Stickers,1,12,,2026-02-25,2026-03-12,,,2026-03-12 19:17:45.191475+00,2026-03-23 03:49:05.927759+00
1794,48,1266,v3.40.0,4,12,,2026-03-13,2026-03-20,,,2026-03-12 19:19:19.66327+00,2026-03-24 13:42:42.016875+00
1798,48,1794,[JD] SIP,1,14,,2026-03-13,2026-03-20,,,2026-03-12 20:03:40.632488+00,2026-03-23 03:50:33.613454+00
1799,48,1794,[JD] Rappi,1,12,,2026-03-13,2026-03-20,,,2026-03-12 20:07:20.015503+00,2026-03-23 03:51:22.681866+00
1800,48,1794,[6C] Convenio RIMAC,1,12,,2026-03-13,2026-03-20,,,2026-03-12 20:08:06.313713+00,2026-03-24 05:25:22.945123+00
1801,48,1794,[6C] Nota de Credito Matriz (T y P) para DC,1,12,,2026-03-13,2026-03-20,,,2026-03-12 20:08:29.32368+00,2026-03-24 05:25:29.644903+00
1820,48,1794,[6C] Convenio Web - POS Prod,1,12,,2026-03-13,2026-03-20,,,2026-03-16 14:06:44.171891+00,2026-03-23 03:50:58.967896+00
1849,48,1266,v3.41.0,4,12,,2026-03-27,2026-04-01,,,2026-03-23 03:49:48.327063+00,2026-04-15 14:11:50.717566+00
1923,48,1849,[6C] Pacifico Amed,1,12,,2026-03-27,2026-04-01,,,2026-03-27 12:31:52.873687+00,2026-04-15 14:11:41.348709+00
1933,48,1849,[JD] Omnicanal,1,12,,2026-03-27,2026-04-01,,,2026-03-30 14:10:05.564387+00,2026-04-15 14:11:46.102304+00
2038,48,1266,v3.42.0,4,12,,2026-04-14,2026-04-17,,,2026-04-15 14:08:55.076723+00,2026-04-22 14:32:37.832509+00
2039,48,2038,[6C] Titan Control de Lotes,1,12,,2026-04-14,2026-04-17,,,2026-04-15 14:09:32.646229+00,2026-04-22 14:33:01.645654+00
2040,48,2038,[HB] B2B LI Devolución,1,12,,2026-04-14,2026-04-17,,,2026-04-15 14:10:10.591388+00,2026-04-22 14:32:51.32081+00
2041,48,2038,[JD] Banner SIP en Fidelización,1,12,,2026-04-14,2026-04-17,,,2026-04-15 14:11:35.204381+00,2026-04-22 14:45:11.781095+00
2066,48,2038,[JD] Multimarca,1,14,,2026-04-14,2026-04-17,,,2026-04-22 14:44:24.215304+00,2026-04-22 14:47:29.044042+00
2067,48,1266,v3.43.0,4,12,,2026-04-29,2026-05-04,,,2026-04-22 20:35:39.421093+00,2026-05-11 14:06:20.309314+00
2068,48,2188,[JD] Comision Cash In/Out para SIP (Tarj. y QR),1,1,,2026-05-15,2026-05-20,,,2026-04-22 20:36:28.279602+00,2026-05-11 14:09:48.408758+00
2069,48,2067,[HB] Ticket Resumenido Mejoras,1,12,,2026-04-29,2026-05-04,,,2026-04-22 20:51:51.956163+00,2026-05-11 14:06:51.417026+00
2070,48,2067,[HB] Actualiza Precio para Impresion de Stickers,1,12,,2026-04-29,2026-05-04,,,2026-04-22 20:53:24.391957+00,2026-05-11 14:07:43.555705+00
2071,48,2067,[6C] Corrección cantidad bandejas post impresión,1,12,,2026-04-29,2026-05-04,,,2026-04-22 20:54:01.241618+00,2026-05-11 14:10:26.816954+00
2188,48,1266,v3.44.0,4,1,,2026-05-15,2026-05-20,,,2026-05-11 14:05:59.782783+00,2026-05-11 14:09:48.465996+00
2189,48,2067,[JD] Multimarca,1,12,,2026-04-29,2026-05-04,,,2026-05-11 14:10:09.851089+00,2026-05-11 14:10:32.764371+00
2190,48,2067,[JD] Comision Cash In/Out para SIP (Tarj. y QR),1,14,,2026-04-29,2026-05-04,,,2026-05-11 14:10:59.036344+00,2026-05-11 14:11:06.832493+00
2191,48,2188,[JD] Nueva Ventana de Cobro (por confirmar),1,1,,2026-05-15,2026-05-20,,,2026-05-11 14:21:30.572367+00,2026-05-11 14:21:30.712626+00
2192,48,2188,[HB] Impresión de precios - QR,1,1,,2026-05-15,2026-05-20,,,2026-05-11 14:22:24.130236+00,2026-05-11 14:22:24.398748+00
2193,48,2188,[HB] SOAT sin DNI,1,1,,2026-05-15,2026-05-20,,,2026-05-11 14:22:52.326866+00,2026-05-11 14:22:52.418896+00
2194,48,2188,[HB] Mejoras UX en Resumen Pedido,1,1,,2026-05-15,2026-05-20,,,2026-05-11 14:23:10.698646+00,2026-05-11 14:23:31.853594+00
2195,48,2188,[6C] IA Convenio,1,1,,2026-05-15,2026-05-20,,,2026-05-11 14:24:00.086659+00,2026-05-12 14:23:44.675923+00
2196,48,2188,[6C] Millon 2026,1,1,,2026-05-15,2026-05-20,,,2026-05-12 14:23:33.931047+00,2026-05-12 14:23:34.101319+00
571,50,,[INDICADORES]  Web de Beauty,4,12,,2025-08-20,2025-08-21,,,2025-08-18 15:22:05.319133+00,2025-08-25 19:03:47.972359+00
572,50,,[COMPROBANTE] Modificacion en la Boleta y Factura,4,12,,2025-08-20,2025-08-22,,,2025-08-18 15:28:31.428933+00,2025-08-25 19:03:59.838026+00
573,50,,[PRUEBAS INTERNAS] Pruebas del desarrollo,4,12,,2025-08-22,2025-08-22,,,2025-08-18 15:37:28.317078+00,2025-08-25 19:03:54.330369+00
574,51,,[Search] Filtro Personalizado,4,1,,2025-08-18,2025-08-18,,,2025-08-18 16:45:42.720864+00,2025-08-18 16:46:26.963182+00
575,51,,[Pruebas Internas],4,1,,2025-08-19,2025-08-19,,,2025-08-18 16:46:50.231495+00,2025-08-18 16:47:04.820516+00
576,52,,[Mariale] - Loyalty Inkafarma,5,1,,2025-08-18,2025-08-22,,,2025-08-19 14:41:10.289658+00,2025-08-20 21:21:33.398274+00
577,52,576,Release 3,4,1,,2025-08-18,2025-08-22,,,2025-08-19 14:42:00.35051+00,2025-08-20 21:21:33.269471+00
578,52,,[Mariale] - Comercial,5,1,,2025-08-18,2025-08-19,,,2025-08-19 14:42:42.183497+00,2025-08-19 14:50:48.213643+00
579,52,578,Mensaje promoción - Aplica a múltiples JQ,6,9,,2025-08-18,2025-08-19,,,2025-08-19 14:43:19.413206+00,2025-08-25 21:10:29.46818+00
580,52,577,[Concurso Millón - 2 ] - Excluir colaboradores,6,9,,2025-08-20,2025-08-21,,,2025-08-19 14:44:37.563023+00,2025-08-25 21:10:53.995781+00
581,52,577,[Concurso Millón - 2 - Captura de Celular ] - Cambios en el front,6,12,,2025-08-18,2025-08-20,,,2025-08-19 14:45:48.378323+00,2025-09-09 13:13:05.6994+00
582,52,577,[Concurso Millón - 2 - Captura de Celular ] - F11 Guardado de celular,6,9,,2025-08-21,2025-08-22,,,2025-08-19 14:46:33.528949+00,2025-08-25 21:10:58.389894+00
583,52,577,[Concurso Millón - 2 - Captura de Celular ] - F2 Cliente No desea,6,9,,2025-08-20,2025-08-22,,,2025-08-19 14:49:54.882224+00,2025-08-25 21:10:47.939539+00
588,52,,Pruebas integrales QA,3,7,,2025-08-25,2025-08-29,,,2025-08-25 21:11:20.160667+00,2025-08-26 20:27:30.223749+00
601,52,,[Mariale] - Supply,5,1,,2025-08-27,2025-08-28,,,2025-08-27 16:32:26.130341+00,2025-08-27 16:36:21.121336+00
602,52,601,[Titán] Devolución de bandejas,4,1,,2025-08-27,2025-08-28,,,2025-08-27 16:34:31.812341+00,2025-08-27 16:36:21.090676+00
603,52,602,Nueva definición - Tipo de bandeja,6,12,,2025-08-27,2025-08-28,,,2025-08-27 16:35:55.972676+00,2025-09-09 13:12:49.873704+00
604,52,,Optimización JOB MONEDERO E INKACLUB,6,12,,2025-08-27,2025-09-01,,,2025-08-27 16:37:54.305653+00,2025-09-09 13:12:56.728881+00
605,52,604,Agregar nuevo cursor productos campañas JOB MONEDERO,1,1,,2025-08-27,2025-08-27,,,2025-08-27 18:54:24.436193+00,2025-08-27 18:59:32.356654+00
606,52,604,Pruebas unitarias MIFA,1,1,,2025-08-28,2025-08-28,,,2025-08-27 18:54:58.45558+00,2025-08-27 18:59:50.132224+00
607,52,604,Agregar nuevo cursor productos campañas JOB INKACLUB,1,1,,2025-08-29,2025-08-29,,,2025-08-27 18:57:08.96353+00,2025-08-27 19:00:09.94938+00
608,52,604,Pruebas unitarias INKA,1,1,,2025-09-01,2025-09-01,,,2025-08-27 18:57:36.445247+00,2025-08-27 19:00:38.816993+00
592,54,,[RESUMEN PEDIDO] LENTITUD EN RESUMEN DE PEDIDO,4,12,,2025-09-01,,,,2025-08-27 14:02:03.633536+00,2025-12-01 18:48:58.784088+00
1120,54,,Mejoras en Diseño,4,12,,2026-01-16,2026-01-22,,,2026-01-21 13:05:00.704003+00,2026-01-26 13:57:45.906261+00
1121,54,1120,Refactorizar el menu flotante para acoplarlo a sidebar ,1,12,,2026-01-16,2026-01-16,,,2026-01-21 13:05:21.804241+00,2026-01-21 13:12:38.212868+00
1122,54,1120,Agregar imágenes en el buscador del autocompletado,1,12,,2026-01-21,2026-01-21,,,2026-01-21 13:05:45.998244+00,2026-01-26 13:07:40.808245+00
1123,54,1120,Validar el sidebar de la parte derecha del carrito de compras,1,12,,2026-01-20,2026-01-21,,,2026-01-21 13:06:05.214256+00,2026-01-26 13:07:30.410457+00
1124,54,1120,Validar el modal del Scaner con el nuevo diseño,1,12,,2026-01-19,2026-01-20,,,2026-01-21 13:07:50.894516+00,2026-01-21 13:12:40.907663+00
1125,54,1120,[Pruebas de Integracion],3,12,,2026-01-22,2026-01-22,,,2026-01-21 13:13:18.994579+00,2026-01-26 13:07:54.69371+00
1126,54,1125,[Pruebas Apuntando a PRD],1,12,,2026-01-22,2026-01-22,,,2026-01-21 13:35:55.792848+00,2026-01-26 13:07:46.512552+00
1130,54,,[Despliegue] Seguimiento en PRD de la version ,1,12,,2026-01-26,2026-01-27,,,2026-01-26 13:08:42.908727+00,2026-01-30 21:18:18.804335+00
1153,54,,[PISTOLA FISICA] Validar el foco que no se pierda para los flujos de escaneo,4,12,,2026-01-26,2026-01-28,,,2026-01-27 13:35:49.29624+00,2026-01-30 21:17:45.684998+00
1154,54,1153,Flujo de Venta Rapida,1,12,,2026-01-26,2026-01-27,,,2026-01-27 13:36:16.408102+00,2026-01-30 21:18:05.804208+00
1155,54,1153,Flujo de Venta ,1,12,,2026-01-28,2026-01-28,,,2026-01-27 13:36:36.907396+00,2026-01-30 21:18:12.492357+00
1163,54,,[Servicio de Mejor Precio],4,7,,2026-02-11,2026-03-27,,,2026-01-30 21:18:53.096393+00,2026-03-12 19:40:11.025431+00
1164,54,1163,[Validar]  Inputs y Outputs,1,12,,2026-02-11,2026-02-11,,,2026-01-30 21:19:46.503987+00,2026-02-16 14:09:53.760616+00
1165,54,1163,[Implementacion] Implementacion del nuevo EndPoint,1,12,,2026-02-13,2026-02-16,,,2026-01-30 21:20:56.010839+00,2026-02-19 00:14:22.666473+00
1166,54,1163,[Pruebas] Pruebas de Implementacion,1,1,,2026-03-23,2026-03-27,,,2026-01-30 21:22:08.71002+00,2026-03-12 19:40:10.963565+00
1187,54,,[Implementacion] cloving.ai,4,13,,,,,,2026-02-03 13:04:20.516556+00,2026-03-12 18:53:27.782698+00
1189,54,,[Search Open Source] Typesense,4,1,,,,,,2026-02-03 13:06:21.558783+00,2026-02-03 13:06:21.652721+00
1190,54,,[Search Barcode AA] Tensorflow,4,1,,,,,,2026-02-03 13:07:19.606832+00,2026-02-03 13:10:48.963402+00
1194,54,,[KIOSKO POS] Implementar Interfaz POS ABAX,4,12,,2026-02-05,2026-03-02,,,2026-02-09 13:08:13.885433+00,2026-03-02 13:21:36.108823+00
1195,54,1194,[LISTA PRODUCTOS],1,12,,2026-02-05,2026-02-09,,,2026-02-09 13:10:49.058094+00,2026-02-10 21:35:48.220892+00
1196,54,1194,[Resumen Pedido] Bottom Sheet,1,12,,2026-02-09,2026-02-11,,,2026-02-09 13:12:47.780138+00,2026-02-16 14:09:15.59627+00
1197,54,1194,[PAYMENT]  Button Sheet,1,12,,2026-02-11,2026-02-11,,,2026-02-09 13:14:08.498807+00,2026-02-16 14:09:20.886533+00
1198,54,1194,[Pruebas Implementacion],1,12,,2026-02-12,2026-02-17,,,2026-02-09 13:15:04.833925+00,2026-02-19 00:13:53.069735+00
1199,54,1194,[DEV] UPDATE KIOSKO,1,12,,2026-02-20,2026-02-20,,,2026-02-09 14:08:16.218621+00,2026-02-24 13:00:25.303189+00
1361,54,1194,[Implementacion] Cambiar de Vendedor sin cerrar Sesion,1,12,,2026-02-23,2026-02-24,,,2026-02-24 13:00:59.923163+00,2026-02-25 13:28:42.704118+00
1362,54,1194,[Implementacion] Sincronizar Izipay POS despues del Login,1,12,,2026-02-23,2026-02-24,,,2026-02-24 13:01:40.835137+00,2026-03-02 13:21:29.952284+00
1363,54,1194,[Rediseño Kiosko POS] Mockup de accesos rapidos,1,12,,2026-02-25,2026-03-02,,,2026-02-24 13:04:09.275498+00,2026-03-09 15:41:46.376629+00
1368,54,1363,[Validar que el login sea mas rapido],1,12,,2026-02-25,2026-02-25,,,2026-02-24 13:46:46.03149+00,2026-03-09 15:41:41.838876+00
1369,54,1363,[Menu Resumen],1,12,,2026-02-25,2026-02-26,,,2026-02-24 13:48:34.785184+00,2026-03-02 13:32:04.864432+00
1370,54,1363,[Menu Agregar],1,12,,2026-02-26,2026-02-27,,,2026-02-24 13:49:26.50067+00,2026-03-02 13:20:48.467188+00
1371,54,1363,[Menu Fidelizacion],1,12,,2026-02-25,2026-02-25,,,2026-02-24 13:50:33.230303+00,2026-03-02 13:20:39.655893+00
1372,54,1363,[Menu Pagar],1,12,,2026-02-27,2026-02-27,,,2026-02-24 13:51:35.652281+00,2026-03-02 13:20:54.225119+00
1373,54,1363,[Datos del Vendedor],1,12,,2026-02-26,2026-02-26,,,2026-02-24 13:52:13.918046+00,2026-03-02 13:20:23.809116+00
1376,54,1363,[Pruebas Implementacion],1,12,,2026-03-02,2026-03-02,,,2026-02-24 14:04:06.850325+00,2026-03-09 15:41:22.895921+00
1652,54,,[Compras Recientes] Contenedores de Informacion,4,12,,2026-03-09,2026-03-11,,,2026-03-09 15:42:43.436267+00,2026-03-12 17:22:32.730418+00
1653,54,1652,SP para extraer data del RAC,1,12,,2026-03-09,2026-03-09,,,2026-03-09 15:43:20.010001+00,2026-03-12 17:21:23.517592+00
1654,54,1652,Crear MicroServicio para leer el SP ,1,12,,2026-03-09,2026-03-09,,,2026-03-09 15:43:55.095983+00,2026-03-12 17:21:15.684347+00
1655,54,1652,[FRONT] Diseño de la Interfaz,1,12,,2026-03-09,2026-03-10,,,2026-03-09 15:45:02.172856+00,2026-03-12 17:21:07.570727+00
1656,54,1652,Pruebas de Implementacion ,1,12,,2026-03-10,2026-03-10,,,2026-03-09 15:45:47.501718+00,2026-03-12 17:21:35.623203+00
1657,54,1652,[PASE a Produccion],1,12,,2026-03-10,2026-03-10,,,2026-03-09 15:47:07.98148+00,2026-03-12 17:21:29.10477+00
1711,54,1652,[Prueba Local Productivo],1,12,,2026-03-11,2026-03-11,,,2026-03-12 17:20:32.604376+00,2026-03-12 17:21:40.321834+00
1715,54,1163,[Cargar columnas a local I73 e I76],1,7,,2026-03-02,2026-03-20,,,2026-03-12 17:23:15.921817+00,2026-03-12 19:39:58.03084+00
1739,54,,[11-03-2025][RQ REVISION BOTICA TABLET ],4,7,,2026-03-12,2026-03-17,,,2026-03-12 18:01:17.48236+00,2026-03-30 12:27:28.046979+00
1740,54,1739,[PROMOCIONES 2X1] No deben Mostrarse,1,1,,,,,,2026-03-12 18:03:08.429793+00,2026-03-12 18:03:08.552242+00
1741,54,1739,[SEARCH] Busqueda mas inttuitiva,1,12,,2026-03-16,2026-03-16,,,2026-03-12 18:04:04.188999+00,2026-03-19 14:05:22.005937+00
1742,54,1739,[Mostrar] Principios Activos,1,1,,,,,,2026-03-12 18:04:44.203966+00,2026-03-12 18:04:44.313092+00
1744,54,1739,[IMAGENES] Permitir Zoom en imagenes con el touch,1,12,,2026-03-13,2026-03-13,,,2026-03-12 18:05:09.916833+00,2026-03-16 14:26:16.333313+00
1745,54,1739,[Promociones] Visor antes y despues,1,1,,,,,,2026-03-12 18:05:48.521607+00,2026-03-12 18:05:48.607327+00
1746,54,1739,[Validacion de Requerimientos] Consulta de productos recientes,1,12,,2026-03-12,2026-03-12,,,2026-03-12 18:06:14.034715+00,2026-03-12 19:28:28.005345+00
1747,54,1739,[APARTADO VISUAL] Promociones más visibles,1,1,,,,,,2026-03-12 18:07:54.178104+00,2026-03-12 18:07:54.300923+00
1748,54,1739,[TECLADO] Control de apertura de teclado,1,1,,,,,,2026-03-12 18:09:38.905778+00,2026-03-30 12:32:19.583907+00
1749,54,1739,[RESPONSIVE] Responsividad vertical,1,12,,2026-03-13,2026-03-13,,,2026-03-12 18:10:40.141822+00,2026-03-16 14:26:10.943727+00
1753,54,1739,[AGREGAR] Sección de productos sugeridos,1,1,,,,,,2026-03-12 18:13:06.699581+00,2026-03-12 18:13:06.773418+00
1754,54,1739,[DATOS] No mostrar datos del Cliente,1,1,,,,,,2026-03-12 18:14:06.891512+00,2026-03-30 12:32:11.420976+00
1755,54,1739,[PRODUCTOS] Indicador para productos de DERMO,1,1,,,,,,2026-03-12 18:16:43.366832+00,2026-03-12 18:16:43.458254+00
1756,54,1739,[PUNTOS] Canjear Puntos Mifarma,1,1,,,,,,2026-03-12 18:17:56.274801+00,2026-03-12 18:17:56.357283+00
1757,54,1739,[MIGRACION] WEB TO APP,1,1,,,,,,2026-03-12 18:18:29.301031+00,2026-03-12 18:18:29.3879+00
1758,54,1739,[REGISTRAR] registrar tipo de piel del cliente,1,1,,,,,,2026-03-12 18:18:43.150217+00,2026-03-12 18:18:43.227183+00
1759,54,1739,[ALERTA] Stock,1,12,,2026-03-17,2026-03-17,,,2026-03-12 18:19:03.18512+00,2026-03-19 14:05:36.52553+00
1760,54,1739,[AGREGAR] Agregar bonus promocionales,1,1,,,,,,2026-03-12 18:19:29.840111+00,2026-03-12 18:19:29.919768+00
1761,54,1739,[BITACORA] Cuotas de las Dermos,1,1,,,,,,2026-03-12 18:19:32.041484+00,2026-03-12 18:19:32.142919+00
1762,54,1739,[AGREGAR] agregar planograma,1,1,,,,,,2026-03-12 18:20:39.543365+00,2026-03-12 18:20:39.616621+00
1879,54,,[CAMBIO SIP] Cambiar Etiqueta SIP y Logos,4,7,,,,,,2026-03-24 13:23:08.936325+00,2026-03-30 12:32:49.380838+00
1880,54,1879,[LOGOS] Cambiar todo lo relacionado a OH,1,1,,,,,,2026-03-24 13:23:38.046085+00,2026-03-30 12:32:49.339927+00
1881,54,1879,[Etiquetas] Cambiar todas las etiquetas,1,1,,,,,,2026-03-24 13:23:58.885323+00,2026-03-30 12:32:39.732197+00
593,55,, Convenios a Soporte POS,3,1,,2025-08-25,2025-09-05,,,2025-08-27 15:13:54.006571+00,2025-08-27 15:15:05.904553+00
594,55,,IA Convenios,5,1,,2025-08-27,2025-09-05,,,2025-08-27 15:14:16.09142+00,2025-08-27 15:33:41.800752+00
595,55,594,Fase 1.5,4,1,,2025-08-27,2025-09-01,,,2025-08-27 15:15:36.704712+00,2025-08-27 15:22:52.248597+00
596,55,594,Fase 2.0,4,1,,2025-09-02,2025-09-05,,,2025-08-27 15:16:14.774812+00,2025-08-27 15:33:41.763864+00
597,55,595,Actualizar agreement-digital para recibir nuevos estados desde IA,6,7,,2025-08-27,2025-09-01,,,2025-08-27 15:18:14.730751+00,2025-08-27 19:01:21.447333+00
598,55,596,Crear nuevos recursos en agreement-digital para que IA audite,6,1,,2025-09-02,2025-09-05,,,2025-08-27 15:26:01.986402+00,2025-08-27 15:33:41.587595+00
613,56,,1550581 - Se realizo el pago con tarjeta pero no salio la boleta,1,12,,2025-08-14,2025-08-14,,,2025-08-29 20:27:59.736002+00,2025-08-29 20:48:54.153293+00
614,56,,1618381 - Caso de transferencia cantidad 0,1,12,,2025-08-19,2025-08-19,,,2025-08-29 20:28:12.180591+00,2025-08-29 20:49:40.770766+00
615,56,,[POSU] Caso de Agora QR,1,12,,2025-08-27,2025-08-29,,,2025-08-29 20:28:34.217772+00,2025-10-07 14:58:51.655084+00
616,56,,1626351 - Devolución a almacén posu se cuelga,1,12,,2025-08-25,2025-08-29,,,2025-08-29 20:28:49.548167+00,2025-10-07 14:52:53.747151+00
617,56,,1626018 - 2 ventas no figuran en el reporte de ventas,1,12,,2025-08-18,2025-08-29,,,2025-08-29 20:29:07.072774+00,2025-08-29 20:49:28.603877+00
618,56,,1626826 - Error de impresora no configurada,1,12,,2025-08-19,2025-08-19,,,2025-08-29 20:29:23.312169+00,2025-08-29 20:49:09.032407+00
619,56,,[POSU] Hilo Epos,1,14,,2025-09-08,2025-09-11,,,2025-08-29 20:30:49.226224+00,2025-10-07 15:02:11.617331+00
620,56,,[POSU] PKG_RESERVA_STOCK.F_STOCK_RESERVADO_PROD,1,12,,2025-09-01,2025-09-02,,,2025-08-29 20:31:10.264208+00,2025-10-07 15:01:53.120808+00
621,56,,[POSU] Alerta cuando fuerzan el cierre del posu,1,14,,2025-09-09,2025-09-12,,,2025-08-29 20:31:51.03943+00,2025-10-07 15:04:10.192914+00
825,56,,[POSU] Valida consistencia pedido,1,12,,2025-09-02,2025-09-04,,,2025-10-07 14:59:55.261957+00,2025-10-07 15:01:28.631053+00
826,56,,[POSU] Mejora administrador temporal,1,12,,2025-09-09,2025-09-10,,,2025-10-07 15:05:46.346772+00,2025-10-07 15:09:26.818157+00
827,56,,[DAEMON] REPROCESO DE TRANSFERENCIAS,1,12,,2025-09-03,2025-09-10,,,2025-10-07 15:07:01.564754+00,2025-10-07 15:07:32.789183+00
828,56,,[WEB INVENTARIO] Mejora en package,1,12,,2025-09-09,2025-09-09,,,2025-10-07 15:08:37.75279+00,2025-10-07 15:09:06.862029+00
829,56,,[POSU-N1] Mejora en packge FARMA_EPOS_GRE,1,12,,2025-10-01,2025-10-01,,,2025-10-07 15:11:40.473217+00,2025-10-07 15:26:58.34486+00
830,56,,[MS] HighValue intermediario,1,12,,2025-10-01,2025-10-03,,,2025-10-07 15:13:57.988666+00,2025-10-07 15:15:06.952942+00
831,56,,[POSU-N1] Error en la marcación de asistencia (doble registro ce_mae_trab),1,12,,2025-10-02,2025-10-03,,,2025-10-07 15:16:01.00409+00,2025-10-07 15:26:42.310525+00
832,56,,[POSU-N1] Resumen de cliente no muestra saldo Agora,1,12,,2025-10-02,2025-10-03,,,2025-10-07 15:17:58.794542+00,2025-10-07 15:26:23.990294+00
833,56,,[POSU-N2] HighValue intermediario,1,7,,2025-10-01,2025-10-10,,,2025-10-07 15:19:00.384051+00,2025-10-10 12:51:14.298102+00
834,56,,[POSU-N2] Activación cadena de valida consistencia pedido,1,12,,2025-10-03,2025-10-03,,,2025-10-07 15:21:16.594318+00,2025-10-07 15:26:02.149851+00
835,56,,[POSU-N2] Pedidos delivery fidelizados bd_reniec,1,7,,2025-10-02,2025-10-10,,,2025-10-07 15:25:22.814224+00,2025-10-07 15:27:34.326623+00
836,56,,[MS-N2] Mejoras en el servicio de marcación,1,7,,2025-10-07,2025-10-10,,,2025-10-07 15:28:14.859139+00,2025-10-07 15:29:18.876441+00
837,56,,[POSU] Nuevos pilotos para SIB,1,7,,2025-09-29,2025-10-17,,,2025-10-07 15:29:52.330614+00,2025-10-07 15:37:59.773067+00
838,56,,[POSU] Activar valida bin 15 locales,1,7,,2025-10-02,2025-10-17,,,2025-10-07 15:33:24.549086+00,2025-10-07 15:35:18.7055+00
839,56,,[POSU-N1] Ajuste diario mejora al regularizar inventario,1,7,,2025-10-07,2025-10-09,,,2025-10-07 15:39:19.992784+00,2025-10-07 15:39:46.049417+00
840,56,,[DAEMON] MS Transferencia ,1,7,,2025-09-26,2025-10-17,,,2025-10-07 15:41:08.045375+00,2025-10-07 15:41:52.206607+00
841,56,,[POSU-N2] Valida tablespace,1,7,,2025-10-07,2025-10-10,,,2025-10-07 15:42:27.044733+00,2025-10-07 19:40:22.035747+00
842,56,,[WEB-INVENTARIO] Error en el PDA,1,1,,,,,,2025-10-07 15:44:41.651762+00,2025-10-07 15:44:41.859506+00
622,57,,Rediseño de los Filtro de Busqueda,4,12,,2025-09-02,2025-09-02,,,2025-09-01 19:46:10.242303+00,2025-09-03 19:52:10.027559+00
623,57,,"Agregar campos nuevos: División (JQ1), Línea (JQ2), Categoría (JQ3), Subcategoría (JQ4)",4,12,,2025-09-02,2025-09-03,,,2025-09-01 19:48:54.81078+00,2025-09-03 19:51:35.830751+00
624,57,,REFACTORIZAR EL DETALLE DE LAS CATEGORIAS,4,12,,2025-09-03,2025-09-03,,,2025-09-01 19:50:26.403852+00,2025-09-08 14:34:19.784483+00
625,57,,Reporte de ventas por Jerarquia,4,12,,2025-09-04,2025-09-04,,,2025-09-01 19:57:48.755215+00,2025-09-08 14:34:28.852487+00
626,57,,PASE a QA ,4,12,,2025-09-05,2025-09-05,,,2025-09-01 19:58:55.344333+00,2025-09-08 14:34:48.561142+00
627,57,,Entendimiento QA,4,12,,2025-09-05,2025-09-05,,,2025-09-01 19:59:55.966729+00,2025-09-08 14:34:38.268799+00
637,58,,Proyecto B2B - Fase 2,5,1,,2025-09-18,2025-12-11,,,2025-09-09 01:29:18.607996+00,2025-09-18 15:31:20.333376+00
638,58,637,Logística Inversa - LI,4,1,,2025-09-18,2025-10-10,,,2025-09-09 01:29:58.486775+00,2025-09-18 15:31:20.299089+00
639,58,638,Configurar servicio SLS a Drogueria,1,1,,2025-09-18,2025-09-18,,,2025-09-09 02:04:02.106695+00,2025-09-18 15:31:19.286721+00
640,58,638,Implementar demonio daemon-despacho-sls,3,1,,2025-09-25,2025-10-01,,,2025-09-09 02:05:10.271664+00,2025-09-18 15:31:20.098432+00
641,58,638,Grabar informacion en tabla temporal en DC y drogueria solo si DC trabaja con Drogueria,1,1,,2025-09-19,2025-09-22,,,2025-09-09 02:07:57.314643+00,2025-09-18 15:31:19.804547+00
642,58,640,Crear solicitud y enviarla a botica,1,1,,2025-09-25,2025-09-26,,,2025-09-09 02:27:06.4606+00,2025-09-18 15:31:19.930578+00
644,58,640,Procesar despacho de solicitud de transferencia SLS,1,1,,2025-09-29,2025-09-29,,,2025-09-09 02:33:45.245787+00,2025-09-18 15:31:19.96954+00
645,58,640,Enviar a axteroid guia de transferencia generada,1,1,,2025-09-30,2025-09-30,,,2025-09-09 02:34:01.408241+00,2025-09-18 15:31:20.033607+00
646,58,640,Enviar despacho a local drogueria,1,1,,2025-10-01,2025-10-01,,,2025-09-09 02:34:22.292366+00,2025-09-18 15:31:20.068428+00
647,58,638,Implementar demonio daemon-recepcion-sls,3,1,,2025-10-02,2025-10-08,,,2025-09-09 02:35:25.748824+00,2025-09-18 15:31:20.233297+00
648,58,647,Recepcionar en drogueria despacho SLS,1,1,,2025-10-02,2025-10-03,,,2025-09-10 15:49:11.362729+00,2025-09-18 15:31:20.131204+00
649,58,647,Procesar devolución a almacén,1,1,,2025-10-07,2025-10-08,,,2025-09-10 15:50:36.575068+00,2025-09-18 15:31:20.198819+00
650,58,638,Control por estados de procesamiento de devoluciones SLS por demonios,1,1,,2025-09-23,2025-09-24,,,2025-09-10 15:53:50.23725+00,2025-09-18 15:31:19.891689+00
651,58,647,Obtener valores de tabla temporal para iniciar procesamiento de devolución,1,1,,2025-10-06,2025-10-06,,,2025-09-10 15:55:06.987264+00,2025-09-18 15:31:20.166135+00
652,58,638,Pruebas integrales de procesamiento de devoluciones SLS,1,1,,2025-10-09,2025-10-10,,,2025-09-10 15:55:29.603664+00,2025-09-18 15:31:20.267751+00
653,58,637,Pendientes de Fase 1 (despriorizados),4,1,,2025-09-25,2025-10-07,,,2025-09-10 15:56:47.900921+00,2025-09-18 15:30:41.260481+00
654,58,653,Rediseño de NC B2B,1,1,,2025-09-25,2025-09-26,,,2025-09-10 16:57:53.423741+00,2025-09-18 15:30:40.830234+00
655,58,653,Impresión de guias de remisión de transf. en IP configurable,1,1,,2025-10-03,2025-10-07,,,2025-09-10 18:00:03.521737+00,2025-09-18 15:30:41.115272+00
656,58,653,Envío a axteroid de lote y fecha de vencimiento en NC,1,1,,2025-10-01,2025-10-02,,,2025-09-10 18:01:27.065502+00,2025-09-18 15:30:41.03092+00
657,58,653,Añadido de lote y fecha de vencimiento en impresión de NC,1,1,,2025-09-29,2025-09-30,,,2025-09-10 18:02:27.328722+00,2025-09-18 15:30:40.885018+00
658,58,678,Comprobantes de Anticipo al finalizar el pago,3,1,,2025-10-08,2025-10-23,,,2025-09-10 18:05:30.891353+00,2025-09-18 15:30:41.862891+00
659,58,678,Emision de Notas de Credito al total de la factura de anticipo,3,1,,2025-10-24,2025-11-10,,,2025-09-10 22:40:27.726687+00,2025-09-18 15:30:42.289806+00
660,58,678,Uso de los comprobantes Anticipo,3,1,,2025-11-11,2025-11-13,,,2025-09-10 23:46:39.958984+00,2025-09-18 15:30:42.456756+00
661,58,658,Nuevo endpoint (controlador) en servicio sendtask para crear facturas de anticipo,1,1,,2025-10-08,2025-10-09,,,2025-09-11 00:07:41.468782+00,2025-09-18 15:30:41.346244+00
662,58,658,Obtener pedido de botica DC,1,1,,2025-10-10,2025-10-10,,,2025-09-11 00:11:32.870199+00,2025-09-18 15:30:41.435476+00
663,58,658,Procesar facturacion de pedido en drogueria desde sendtask con productos virtuales (afectos e inafectos),1,1,,2025-10-13,2025-10-16,,,2025-09-11 00:12:30.681834+00,2025-09-18 15:30:41.550886+00
664,58,658,Enviar factura de anticipo a axteroid desde sendtask,1,1,,2025-10-17,2025-10-20,,,2025-09-11 00:13:33.036596+00,2025-09-18 15:30:41.722236+00
665,58,658,Controlar impresion de las facturas de anticipo en drogueria,1,1,,2025-10-21,2025-10-21,,,2025-09-11 00:16:17.456348+00,2025-09-18 15:30:41.786959+00
666,58,658,Modificar formato de impresion de comprobante de anticipo para flujo B2B,1,1,,2025-10-22,2025-10-23,,,2025-09-11 02:12:54.159418+00,2025-09-18 15:30:41.825922+00
667,58,660,Emision de nuevas facturas con referencia a comprobantes de anticipo,1,1,,2025-11-11,2025-11-13,,,2025-09-11 02:15:35.306112+00,2025-09-18 15:30:42.410208+00
668,58,659,Contrato para generar NC de una factura de anticipo,1,1,,2025-10-24,2025-10-27,,,2025-09-11 02:25:49.141009+00,2025-09-18 15:30:41.903274+00
669,58,659,Procesar facturación de NC de pedido en drogueria desde sendtask,1,1,,2025-10-28,2025-11-03,,,2025-09-11 02:27:52.454002+00,2025-09-18 15:30:41.941329+00
670,58,659,Enviar NC de anticipo a axteroid desde sendtask,1,1,,2025-11-04,2025-11-06,,,2025-09-11 02:29:00.292327+00,2025-09-18 15:30:41.978683+00
671,58,659,Controlar impresion de las NC de anticipo en drogueria,1,1,,2025-11-07,2025-11-07,,,2025-09-11 02:29:15.256473+00,2025-09-18 15:30:42.019034+00
672,58,659,Modificar formato de impresion de NC de anticipo para flujo B2B,1,1,,2025-11-10,2025-11-10,,,2025-09-11 02:29:42.988716+00,2025-09-18 15:30:42.110604+00
673,58,678,Procesamiento de pedido con picking parcial,3,1,,2025-11-14,2025-11-27,,,2025-09-11 03:42:23.905974+00,2025-09-18 15:30:42.60891+00
674,58,673,Facturar solo productos pickeados,1,1,,2025-11-14,2025-11-20,,,2025-09-11 03:44:49.263472+00,2025-09-18 15:30:42.52442+00
675,58,673,Generar NC a factura de anticipo de solo productos no pickeados,1,1,,2025-11-21,2025-11-27,,,2025-09-11 03:46:09.061432+00,2025-09-18 15:30:42.577994+00
676,58,678,Pruebas integrales de Anticipos,1,1,,2025-11-28,2025-12-04,,,2025-09-11 06:24:05.010773+00,2025-09-18 15:30:42.635479+00
677,58,637,Gestor de monitor de pagos,4,1,,2025-09-18,2025-09-24,,,2025-09-11 15:01:22.228593+00,2025-09-18 15:30:40.744082+00
678,58,637,Procesamiento de documentos de tipo Anticipo,4,1,,2025-10-08,2025-12-04,,,2025-09-11 15:05:28.299822+00,2025-09-18 15:30:42.665882+00
679,58,677,Consumo de controlador de digital desde sendtask al finalizar invoice,1,1,,2025-09-18,2025-09-18,,,2025-09-11 15:15:26.399341+00,2025-09-18 15:30:39.718226+00
680,58,677,Consumo de controlador de digital desde sendtask al finalizar creacion de anticipo,1,1,,2025-09-19,2025-09-19,,,2025-09-11 15:27:42.624406+00,2025-09-18 15:30:40.590828+00
681,58,677,Consumo de controlador de digital desde sendtask al finalizar NC's,1,1,,2025-09-22,2025-09-22,,,2025-09-11 15:30:35.245296+00,2025-09-18 15:30:40.633839+00
682,58,677,Pruebas integrales de desarrollo de Gestor de documentos,1,1,,2025-09-23,2025-09-24,,,2025-09-11 17:00:28.955809+00,2025-09-18 15:30:40.700747+00
683,58,637,Pruebas integrales de desarrollo Fase 2,1,1,,2025-12-05,2025-12-11,,,2025-09-11 17:03:17.539647+00,2025-09-18 15:30:42.69962+00
684,58,,Pruebas QA,1,1,,2025-12-12,2025-12-25,,,2025-09-11 23:23:14.641489+00,2025-09-18 15:30:42.741411+00
685,60,,Proyecto B2B - Fase 2,5,1,,2025-09-15,2025-12-03,,,2025-09-12 21:02:54.629616+00,2025-10-03 15:42:58.067736+00
686,60,685,Pruebas QA,1,1,,2025-11-20,2025-12-03,,,2025-09-12 21:02:57.041321+00,2025-10-03 15:42:57.881523+00
687,60,685,Logística Inversa - LI,4,7,,2025-09-15,2025-10-14,,,2025-09-12 21:02:58.549324+00,2025-09-22 20:06:47.192577+00
688,60,685,Pendientes de Fase 1 (despriorizados),4,12,,2025-09-23,2025-10-03,,,2025-09-12 21:03:00.58322+00,2025-10-07 20:34:21.166602+00
689,60,685,Gestor de monitor de pagos,4,7,,2025-09-15,2025-09-22,,,2025-09-12 21:03:02.617477+00,2025-09-16 22:54:47.197757+00
690,60,685,Procesamiento de documentos de tipo Anticipo,4,1,,2025-09-17,2025-11-12,,,2025-09-12 21:03:04.982538+00,2025-09-15 20:23:39.494769+00
691,60,685,Pruebas integrales de desarrollo Fase 2,1,1,,2025-11-13,2025-11-19,,,2025-09-12 21:03:08.963948+00,2025-09-15 20:23:39.53802+00
692,60,687,Configurar servicio SLS a Drogueria,1,12,,2025-09-15,2025-09-16,,,2025-09-12 21:03:12.192396+00,2025-09-22 20:04:38.479777+00
693,60,687,Implementar demonio daemon-despacho-sls,3,12,,2025-09-24,2025-09-30,,,2025-09-12 21:03:18.542812+00,2025-10-07 20:31:31.730914+00
694,60,687,Grabar informacion en tabla temporal en DC y drogueria solo si DC trabaja con Drogueria,1,12,,2025-09-17,2025-09-19,,,2025-09-12 21:03:21.252115+00,2025-09-22 20:15:17.232041+00
695,60,687,Implementar demonio daemon-recepcion-sls,3,7,,2025-10-01,2025-10-07,,,2025-09-12 21:03:23.77798+00,2025-10-07 20:32:14.701179+00
696,60,687,Control por estados de procesamiento de devoluciones SLS por demonios,1,12,,2025-09-22,2025-09-23,,,2025-09-12 21:03:26.341404+00,2025-10-07 20:31:38.892152+00
697,60,687,Pruebas integrales de procesamiento de devoluciones SLS,1,1,,2025-10-13,2025-10-14,,,2025-09-12 21:03:27.130306+00,2025-09-22 20:06:47.145709+00
698,60,688,Rediseño de NC B2B,1,12,,2025-09-23,2025-09-24,,,2025-09-12 21:03:28.94282+00,2025-10-07 20:33:44.130165+00
699,60,688,Impresión de guias de remisión de transf. en IP configurable,1,12,,2025-10-01,2025-10-03,,,2025-09-12 21:03:31.047073+00,2025-10-07 20:34:06.785845+00
700,60,688,Envío a axteroid de lote y fecha de vencimiento en NC,1,12,,2025-09-29,2025-09-30,,,2025-09-12 21:03:34.195714+00,2025-10-07 20:33:55.342507+00
701,60,688,Añadido de lote y fecha de vencimiento en impresión de NC,1,12,,2025-09-25,2025-09-26,,,2025-09-12 21:03:35.763037+00,2025-10-07 20:33:49.228329+00
702,60,690,Comprobantes de Anticipo al finalizar el pago,3,1,,2025-09-17,2025-10-01,,,2025-09-12 21:03:37.547916+00,2025-09-15 20:23:38.779377+00
703,60,690,Emision de Notas de Credito al total de la factura de anticipo,3,7,,2025-10-02,2025-10-17,,,2025-09-12 21:03:38.985249+00,2025-11-03 14:32:36.703613+00
704,60,690,Uso de los comprobantes Anticipo,3,1,,2025-10-20,2025-10-22,,,2025-09-12 21:03:40.380873+00,2025-09-15 20:23:39.293724+00
705,60,690,Procesamiento de pedido con picking parcial,3,1,,2025-10-23,2025-11-05,,,2025-09-12 21:03:42.009673+00,2025-09-15 20:23:39.415043+00
706,60,690,Pruebas integrales de Anticipos,1,1,,2025-11-06,2025-11-12,,,2025-09-12 21:03:43.519171+00,2025-09-15 20:23:39.453798+00
707,60,689,Consumo de controlador de digital desde sendtask al finalizar invoice,1,12,,2025-09-15,2025-09-16,,,2025-09-12 21:03:45.126294+00,2025-09-16 22:54:46.238475+00
708,60,689,Consumo de controlador de digital desde sendtask al finalizar creacion de anticipo,1,12,,2025-09-17,2025-09-17,,,2025-09-12 21:03:46.925918+00,2025-10-07 20:32:48.780253+00
709,60,689,Consumo de controlador de digital desde sendtask al finalizar NC's,1,12,,2025-09-18,2025-09-18,,,2025-09-12 21:03:48.946189+00,2025-10-07 20:33:25.804867+00
710,60,689,Pruebas integrales de desarrollo de Gestor de documentos,1,12,,2025-09-19,2025-09-22,,,2025-09-12 21:03:51.090583+00,2025-10-07 20:33:34.372975+00
711,60,693,Crear solicitud y enviarla a botica,1,12,,2025-09-24,2025-09-25,,,2025-09-12 21:03:53.064408+00,2025-10-07 20:30:38.743507+00
712,60,693,Procesar despacho de solicitud de transferencia SLS,1,12,,2025-09-26,2025-09-26,,,2025-09-12 21:03:55.093942+00,2025-10-07 20:30:46.161125+00
713,60,693,Enviar a axteroid guia de transferencia generada,1,12,,2025-09-29,2025-09-29,,,2025-09-12 21:03:56.909038+00,2025-10-07 20:31:06.090979+00
714,60,693,Enviar despacho a local drogueria,1,12,,2025-09-30,2025-09-30,,,2025-09-12 21:03:58.641625+00,2025-10-07 20:31:22.192339+00
715,60,695,Recepcionar en drogueria despacho SLS,1,12,,2025-10-01,2025-10-02,,,2025-09-12 21:03:59.529431+00,2025-10-07 20:31:51.231085+00
716,60,695,Procesar devolución a almacén,1,12,,2025-10-06,2025-10-07,,,2025-09-12 21:04:02.96021+00,2025-10-16 19:54:05.896133+00
717,60,695,Obtener valores de tabla temporal para iniciar procesamiento de devolución,1,12,,2025-10-03,2025-10-03,,,2025-09-12 21:04:03.541108+00,2025-10-07 20:31:58.200658+00
718,60,702,Nuevo endpoint (controlador) en servicio sendtask para crear facturas de anticipo,1,1,,2025-09-17,2025-09-17,,,2025-09-12 21:04:05.474302+00,2025-09-15 20:23:37.151924+00
719,60,702,Obtener pedido de botica DC,1,1,,2025-09-18,2025-09-18,,,2025-09-12 21:04:07.368373+00,2025-09-15 20:23:37.684056+00
720,60,702,Procesar facturacion de pedido en drogueria desde sendtask con productos virtuales (afectos e inafectos),1,1,,2025-09-19,2025-09-24,,,2025-09-12 21:04:09.06114+00,2025-09-15 20:23:37.779196+00
721,60,702,Enviar factura de anticipo a axteroid desde sendtask,1,1,,2025-09-25,2025-09-26,,,2025-09-12 21:04:11.292937+00,2025-09-15 20:23:38.41907+00
722,60,702,Controlar impresion de las facturas de anticipo en drogueria,1,1,,2025-09-29,2025-09-29,,,2025-09-12 21:04:13.250788+00,2025-09-15 20:23:38.644381+00
723,60,702,Modificar formato de impresion de comprobante de anticipo para flujo B2B,1,1,,2025-09-30,2025-10-01,,,2025-09-12 21:04:15.219095+00,2025-09-15 20:23:38.715709+00
724,60,704,Emision de nuevas facturas con referencia a comprobantes de anticipo,1,1,,2025-10-20,2025-10-22,,,2025-09-12 21:04:17.104812+00,2025-09-15 20:23:39.245363+00
725,60,703,Contrato para generar NC de una factura de anticipo,1,12,,2025-10-02,2025-10-03,,,2025-09-12 21:04:19.022999+00,2025-11-03 14:31:06.808758+00
726,60,703,Procesar facturación de NC de pedido en drogueria desde sendtask,1,12,,2025-10-06,2025-10-10,,,2025-09-12 21:04:21.148296+00,2025-11-03 14:31:45.105987+00
727,60,703,Enviar NC de anticipo a axteroid desde sendtask,1,12,,2025-10-13,2025-10-15,,,2025-09-12 21:04:22.855534+00,2025-11-03 14:32:01.910266+00
728,60,703,Controlar impresion de las NC de anticipo en drogueria,1,1,,2025-10-16,2025-10-16,,,2025-09-12 21:04:24.74688+00,2025-09-15 20:23:39.10703+00
729,60,703,Modificar formato de impresion de NC de anticipo para flujo B2B,1,1,,2025-10-17,2025-10-17,,,2025-09-12 21:04:26.56881+00,2025-09-15 20:23:39.153558+00
730,60,705,Facturar solo productos pickeados,1,1,,2025-10-23,2025-10-29,,,2025-09-12 21:04:27.679197+00,2025-09-15 20:23:39.332329+00
731,60,705,Generar NC a factura de anticipo de solo productos no pickeados,1,1,,2025-10-30,2025-11-05,,,2025-09-12 21:04:29.491355+00,2025-09-15 20:23:39.373374+00
773,60,687,Rediseño de guías de devolución,1,12,,2025-10-08,2025-10-10,,,2025-09-22 19:57:44.22481+00,2025-10-16 19:54:14.289253+00
798,60,685,Rq. Adicionales,4,7,,2025-10-01,2025-10-31,,,2025-10-03 15:38:32.34907+00,2025-11-03 14:00:16.202276+00
799,60,798,Actualización de terminos y condiciones en facturas y notas de crédito,1,12,,2025-10-06,2025-10-07,,,2025-10-03 15:39:43.466103+00,2025-10-16 19:55:05.816449+00
800,60,798,Agregar lote en reporte de ventas,1,12,,2025-10-07,2025-10-09,,,2025-10-03 15:40:18.832297+00,2025-10-16 19:55:13.824033+00
801,60,798,Mejoras en proceso de recepciones SVS,1,12,,2025-10-01,2025-10-06,,,2025-10-03 15:40:35.142716+00,2025-10-07 20:36:12.181917+00
802,60,798,Envío de alertas de recepciones SVS en botica DC,1,12,,2025-10-03,2025-10-07,,,2025-10-03 15:40:57.872363+00,2025-10-07 20:38:56.359337+00
849,60,798,Validar secuencial de usuario enviado para la facturacion en drogueria,1,12,,2025-10-20,2025-10-21,,,2025-10-07 20:40:05.397381+00,2025-11-03 13:56:40.212089+00
850,60,798,Controlar tipo de local drogueria (marcar local en mysql),1,1,,,,,,2025-10-07 20:41:08.53268+00,2025-11-03 14:30:22.313944+00
851,60,798,Quitar nombre de local en impresión de factura B2B,1,12,,2025-10-28,2025-10-29,,,2025-10-07 20:46:00.141162+00,2025-11-03 14:28:38.009925+00
852,60,798,Modificar legales de faturas y notas de credito que se envían en trama a axteroid,1,12,,2025-10-13,2025-10-13,,,2025-10-07 20:47:15.013877+00,2025-10-16 20:00:36.558363+00
853,60,798,Documentación B2B NPR,1,12,,2025-10-10,2025-10-17,,,2025-10-07 20:51:30.671788+00,2025-11-03 14:29:15.49592+00
883,60,798,Quitar logo de guia electronica del jasper de axteroid,1,12,,2025-10-13,2025-10-13,,,2025-10-16 20:01:22.591463+00,2025-10-16 20:05:04.352103+00
884,60,798,Control de commit en grabado de pedidos digitales en modelo DLV,1,12,,2025-10-14,2025-10-14,,,2025-10-16 20:04:47.551093+00,2025-10-16 20:06:03.381458+00
885,60,798,Mejora en control de secuenciales de guias electronicas,1,12,,2025-10-14,2025-10-14,,,2025-10-16 20:08:34.664378+00,2025-10-16 20:09:17.442169+00
886,60,798,Mejora en control de impresion de NC al haber caida de axteroid,1,12,,2025-10-14,2025-10-14,,,2025-10-16 20:10:08.840917+00,2025-10-16 20:11:08.860443+00
922,60,798,Enviar RUC y Razon Social de transportista en Guia electronica de Axteroid,1,12,,2025-10-30,2025-10-31,,,2025-11-03 13:57:24.101504+00,2025-11-03 14:00:15.595873+00
732,61,,[Toma de Pedidos],4,12,,2025-09-17,2025-09-24,,,2025-09-15 16:01:43.498836+00,2025-09-26 15:52:42.855094+00
733,61,732,[Pantalla por Defecto] Debe salir la Pantalla de Resumen de Pedido ,1,12,,2025-09-17,2025-09-24,,,2025-09-15 16:03:39.468962+00,2025-09-26 15:51:20.090408+00
734,61,732,[Editar Cantidades] Debe tener criterios para la edicion de cantidades,1,12,,2025-09-17,2025-09-19,,,2025-09-15 16:05:20.289606+00,2025-09-22 14:01:33.263124+00
735,61,732,[Busqueda de Productos] Debe considerarse los criterios para la busqueda ,1,12,,2025-09-18,2025-09-18,,,2025-09-15 16:07:03.035029+00,2025-09-22 14:01:56.621835+00
736,61,,[Edicion Cantidad],4,12,,2025-09-23,2025-09-26,,,2025-09-15 16:07:48.967362+00,2025-09-29 14:36:18.634056+00
737,61,736,[Edicion Cantidad] Debe considerarse los criterios,1,12,,2025-09-26,2025-09-26,,,2025-09-15 16:08:43.295327+00,2025-09-29 14:35:21.533792+00
738,61,736,[Consolidación de Productos] Debe considerarse los criterios,1,12,,2025-09-23,2025-09-25,,,2025-09-15 16:09:32.619269+00,2025-09-26 15:51:59.125323+00
739,61,,[Complementarios],4,12,,2025-09-22,2025-09-22,,,2025-09-15 16:12:31.827304+00,2025-09-24 19:52:05.668079+00
740,61,739,[Validaciones] Validar flujo de Complementarios,1,12,,2025-09-22,2025-09-22,,,2025-09-15 16:13:27.344603+00,2025-09-24 19:51:50.543301+00
741,61,,[WOW],4,12,,2025-09-26,2025-09-26,,,2025-09-15 16:18:46.054427+00,2025-09-29 14:35:59.355874+00
742,61,741,[Validaciones] Validar flujo de WOW,1,12,,2025-09-26,2025-09-26,,,2025-09-15 16:19:48.07504+00,2025-09-29 14:36:07.28032+00
743,61,,[Cupones] ,4,12,,2025-09-29,2025-09-29,,,2025-09-15 16:20:24.092131+00,2025-09-30 17:41:13.457748+00
744,61,743,[Validaciones] Validar flujo de cupones ,1,12,,2025-09-29,2025-09-29,,,2025-09-15 16:21:08.975727+00,2025-09-30 17:41:40.234495+00
745,61,,[Recepcion de Mercaderia] ,4,1,,,,,,2025-09-15 16:22:20.976287+00,2025-09-15 16:22:21.338198+00
746,61,,[Fidelizacion],4,12,,2025-09-26,2025-09-26,,,2025-09-15 16:22:39.182536+00,2025-09-29 14:35:46.94094+00
747,61,,[Look and Feel],4,12,,2025-09-30,2025-10-01,,,2025-09-15 16:23:08.460889+00,2025-09-30 13:51:19.045819+00
755,61,,[Pruebas Internas],4,12,,2025-10-01,2025-10-03,,,2025-09-15 19:48:56.735732+00,2025-10-06 13:10:18.161098+00
760,61,733,[FLAG MONROE] OFF,1,12,,2025-09-18,2025-09-24,,,2025-09-16 14:37:58.332705+00,2025-09-24 19:52:23.490916+00
761,61,733,[FLAG MONROE] ON,1,12,,2025-09-17,2025-09-24,,,2025-09-16 14:50:54.50385+00,2025-09-25 20:53:09.967349+00
762,61,734,[Perfil edicion Pedido],1,12,,2025-09-17,2025-09-18,,,2025-09-16 15:29:21.825233+00,2025-09-22 14:00:59.439403+00
763,61,734,[Msg perfil edicion],1,12,,2025-09-19,2025-09-19,,,2025-09-16 15:30:57.020313+00,2025-09-22 14:01:21.647518+00
765,61,746,[Inactivar],1,12,,2025-09-26,2025-09-26,,,2025-09-16 15:52:26.0726+00,2025-09-29 14:35:39.935531+00
795,61,,[Pruebas QA],4,7,,2025-10-06,2025-10-09,,,2025-09-26 13:48:37.082806+00,2025-10-06 13:10:28.206381+00
748,62,,[Mariale] - Bloqueo de Caja - Convenio,5,1,,2025-09-17,2025-09-19,,,2025-09-15 19:06:52.222316+00,2025-09-16 19:05:07.449278+00
749,62,748,Lógica en el POS,4,1,,2025-09-17,2025-09-19,,,2025-09-15 19:07:13.636602+00,2025-09-16 19:05:07.391911+00
750,62,749,[Bloqueo - apertura de caja] - Modificación a alerta de pendientes doc convenio,6,13,,2025-09-17,2025-09-19,,,2025-09-15 19:07:48.973686+00,2025-09-16 19:07:18.708878+00
751,62,,[Mariale] - Supply,5,1,,2025-09-15,2025-09-18,,,2025-09-15 19:09:02.612991+00,2025-09-16 19:38:43.097954+00
752,62,751,Mejoras flujo RPBF 1.5,4,1,,2025-09-15,2025-09-18,,,2025-09-15 19:09:37.483953+00,2025-09-16 19:38:43.047671+00
753,62,752,[Mejoras RPBF 1.5] - Actualización automática de estado de bulto sin tránsito a recibido,6,7,,2025-09-15,2025-09-16,,,2025-09-15 19:10:09.828841+00,2025-09-16 19:38:53.932934+00
754,62,752,[Mejoras RPBF 1.5] - Diferencias en bultos afectados y recibidos,6,13,,2025-09-17,2025-09-18,,,2025-09-15 19:48:20.279303+00,2025-09-16 19:39:03.405563+00
756,62,752,[Mejoras RPBF 1.5] - Validación de cantidad ingresada,6,7,,2025-09-15,2025-09-17,,,2025-09-15 19:49:10.947957+00,2025-09-16 19:07:31.663517+00
757,62,752,[Mejoras RPBF 1.5] - Ajuste en el diseño de ventana Registro de Recepción,6,7,,2025-09-15,2025-09-16,,,2025-09-15 19:49:59.978794+00,2025-09-16 19:05:39.471805+00
758,62,,Optimización JOB Monedero e InkaClub,6,7,,2025-09-15,2025-09-22,,,2025-09-15 19:53:03.933648+00,2025-09-22 13:52:01.873139+00
766,62,,Certificación QA,3,13,,2025-09-22,2025-09-26,,,2025-09-16 19:08:40.538395+00,2025-09-16 19:10:01.11533+00
767,62,,Validación pilotos,3,13,,2025-09-29,2025-09-29,,,2025-09-16 19:09:48.526901+00,2025-09-16 19:10:03.658677+00
768,62,,[Mariale] - Nuevo POS,5,1,,2025-09-18,2025-09-19,,,2025-09-16 19:27:54.2281+00,2025-09-16 20:13:06.788075+00
769,62,768,Limpieza de botones,4,1,,2025-09-18,2025-09-19,,,2025-09-16 19:28:30.253962+00,2025-09-16 20:13:06.742084+00
770,62,769,[Limpieza de botones] - Lista de productos y precios - Cambio de nombre de botones ya existentes,6,1,,2025-09-18,2025-09-18,,,2025-09-16 19:35:40.100482+00,2025-09-16 20:12:07.582286+00
771,62,769,[Limpieza de botones] - Lista de productos y precios - Retiro de botones y secciones,6,1,,2025-09-19,2025-09-19,,,2025-09-16 19:58:24.209383+00,2025-09-16 20:12:43.666538+00
772,62,769,[Limpieza de botones] - Lista de productos y precios - Nuevos botones y distribución,6,1,,2025-09-19,2025-09-19,,,2025-09-16 20:07:52.929041+00,2025-09-16 20:13:06.631767+00
2018,63,,Automatización Pases Stand By (MIGRADO a ROADMAP BASE DE DATOS),3,12,0,2026-04-13,2026-04-14,,0,2026-04-14 13:17:48.578681+00,2026-04-14 13:22:06.372413+00
2019,63,2018,Análisis: disparadores y fuentes de verdad para Stand By (MIGRADO),1,12,0,2026-04-13,2026-04-13,,0,2026-04-14 13:18:06.606316+00,2026-04-14 13:22:30.406231+00
2020,63,2018,BPMN: modelar flujo de pases a Stand By (MIGRADO),1,12,0,2026-04-13,2026-04-13,,0,2026-04-14 13:18:06.829261+00,2026-04-14 13:23:19.430246+00
2021,63,2018,Backlog inicial: MVP Stand By (MIGRADO),1,12,0,2026-04-14,2026-04-14,,0,2026-04-14 13:18:06.900387+00,2026-04-14 13:22:43.808027+00
2022,63,2018,Diseño técnico: arquitectura flujo Stand By (MIGRADO),1,12,0,2026-04-14,2026-04-14,,0,2026-04-14 13:18:06.916116+00,2026-04-14 13:23:10.353665+00
2023,63,2018,Análisis tecnológico: opciones para automatizar (MIGRADO),1,12,0,2026-04-13,2026-04-13,,0,2026-04-14 13:18:06.978545+00,2026-04-14 13:22:38.593559+00
780,64,,Automatizaciones con Soporte Técnico,5,7,,2025-09-15,2025-11-04,,,2025-09-23 20:11:41.877883+00,2025-11-03 16:03:02.499107+00
781,64,,Automatizaciones con Base de Datos,5,7,,2025-10-06,2025-11-21,,,2025-09-23 20:12:01.038225+00,2025-11-19 13:09:26.10891+00
782,64,,Automatizaciones POS,5,12,,2025-09-23,2025-10-30,,,2025-09-23 20:12:19.646244+00,2025-10-30 19:12:33.497959+00
783,64,780,Automatizacion Encendido de servidores principales y standby,4,12,,2025-09-15,2025-10-14,,,2025-09-23 20:17:51.350247+00,2025-11-03 16:13:55.61066+00
784,64,782,Automatizaciones de Alertas por correo,4,12,,2025-09-24,2025-10-20,,,2025-09-23 20:19:49.727233+00,2025-11-03 16:20:05.887995+00
785,64,782,Automatizaciones de pases de script por despliegues a BD,4,12,,2025-09-23,2025-10-30,,,2025-09-23 21:54:48.758592+00,2025-10-30 19:12:33.086255+00
786,64,782,Automatizaciones de autoconocimiento,4,12,,,,,,2025-09-23 21:57:45.716376+00,2025-09-23 22:02:52.85859+00
787,64,781,Automatizaciones de monitoreo de envío 2,4,7,,2025-11-14,2025-11-21,,,2025-09-23 22:00:08.647092+00,2025-11-19 13:09:25.803877+00
788,64,781,Automatizacion de descartes de lentitud,4,12,,2025-10-06,2025-10-08,,,2025-09-23 22:00:32.42613+00,2025-11-03 16:27:56.110124+00
789,64,785,Bug con la codificación de archivos .sql,1,12,,2025-09-23,2025-09-24,,,2025-09-23 22:06:20.321726+00,2025-09-24 20:02:52.504645+00
790,64,784,Implementar traza de análisis de ticket,1,12,,2025-09-24,2025-09-26,,,2025-09-23 22:11:37.85505+00,2025-09-30 17:43:28.107683+00
791,64,783,Implementacion de flujo N8N - MCP,1,12,,2025-09-15,2025-09-26,,,2025-09-23 22:14:07.77834+00,2025-09-30 17:41:27.279319+00
792,64,784,Implementar reasignación de ticket a Supply te Ayuda,1,12,,2025-09-26,2025-10-01,,,2025-09-24 16:15:30.472393+00,2025-10-07 20:26:47.721795+00
793,64,785,Implementar colocar en copia en los correos a BD a creador y observadores del ticket,1,12,,2025-10-30,2025-10-30,,,2025-09-24 20:01:38.163109+00,2025-10-30 19:12:32.411827+00
794,64,784,Análisis de enlace de tickets en API GLPI,1,12,,2025-09-25,2025-09-25,,,2025-09-25 17:55:42.099526+00,2025-09-30 17:44:06.364629+00
797,64,782,Análisis para relacionar usuario de GLPI con código de local (reemplazará al correo de usuario),4,13,,2025-09-30,2025-09-30,,,2025-09-30 17:50:18.218295+00,2025-10-07 20:28:10.734671+00
918,64,793,Bug en colocar en copia al solicitante de reporte,1,12,,2025-10-30,2025-10-30,,,2025-10-30 19:10:43.306771+00,2025-10-30 19:12:30.908732+00
919,64,780,Automatización en PRTG,4,7,,2025-10-20,2025-11-04,,,2025-11-03 13:21:05.285249+00,2025-12-02 18:49:23.310551+00
920,64,919,Implementación de flujo PRTG  - Alertas PING,1,12,,2025-10-20,2025-10-23,,,2025-11-03 13:22:38.714868+00,2025-11-03 15:57:48.204523+00
921,64,919,Despliegue de señal HTTP desde PRTG al servicio de diagnosticos (MIFA e INKA),1,13,,2025-10-22,2025-11-04,,,2025-11-03 13:23:27.200374+00,2025-11-19 12:57:30.815323+00
923,64,919,Implementacion de flujo PRTG - Alertas APEX,1,12,,2025-10-27,2025-11-04,,,2025-11-03 15:59:31.701896+00,2025-11-19 12:57:55.686396+00
924,64,783,Diagnostico iLo y iDrac (reestructuracion),1,12,,2025-10-13,2025-10-14,,,2025-11-03 16:07:02.612521+00,2025-11-03 16:13:54.709537+00
925,64,784,Reestructuracion de flujo de alertas por exceso de consumo de token GPT,1,12,,2025-10-09,2025-10-10,,,2025-11-03 16:09:14.908345+00,2025-11-03 16:11:45.210302+00
926,64,784,Implementacion de Ash Viewer en lentitud y conectividad,1,13,,2025-10-15,2025-10-20,,,2025-11-03 16:18:03.801815+00,2025-11-03 16:20:05.304293+00
927,64,,IA knowledge Fabric (Documentacion FAPE),5,7,,2025-10-31,2025-11-04,,,2025-11-03 16:28:30.400918+00,2025-11-03 16:32:56.007177+00
928,64,927,Concepción de proyecto,1,7,,2025-10-31,2025-11-04,,,2025-11-03 16:30:02.034995+00,2025-11-03 16:31:50.20222+00
1048,64,,Automatizacion de mantenimiento de equipos,4,1,,2025-11-03,2025-11-20,,,2025-11-19 13:23:20.210418+00,2025-11-19 14:04:21.28848+00
1049,64,1048,Implementar creacion de ticket en locales para planificacion de visitas,1,12,,2025-11-03,2025-11-05,,,2025-11-19 13:34:14.594604+00,2025-11-19 14:06:08.711614+00
1050,64,1048,Despliegue a produccion,1,12,,2025-11-14,2025-11-14,,,2025-11-19 13:58:45.500037+00,2025-11-19 14:15:32.906182+00
1051,64,1048,Soporte al despliegue de flujo en ambientes bajos,1,12,,2025-11-12,2025-11-13,,,2025-11-19 13:59:37.706913+00,2025-11-19 14:22:19.201242+00
1052,64,1048,Mejoras en flujos de creacion de ticket - asignacion de solicitante - local,1,1,,2025-11-20,2025-11-20,,,2025-11-19 14:01:26.398083+00,2025-11-19 14:04:46.808364+00
803,65,,[Monroe] - Registro al programa,4,12,,2025-10-13,2025-10-17,,,2025-10-06 13:13:58.755644+00,2025-10-16 20:05:45.748142+00
804,65,803,[Configuracion] Parametros,1,12,,2025-10-13,2025-10-13,,,2025-10-06 13:20:59.359351+00,2025-10-13 21:34:51.930963+00
805,65,803,[Configuracion] Prefijos ,1,12,,2025-10-14,2025-10-14,,,2025-10-06 13:22:21.460741+00,2025-10-14 13:18:37.81403+00
806,65,803,[Panel de Mensaje] Clientes Nuevos,1,12,,2025-10-16,2025-10-17,,,2025-10-06 13:23:32.230311+00,2025-10-16 16:39:29.236481+00
807,65,803,[Panel de Mensaje] Clientes Existentes,1,12,,2025-10-15,2025-10-16,,,2025-10-06 13:24:43.082878+00,2025-10-16 16:39:24.972874+00
808,65,,[Monroe] [POSU] - Acumulación,4,12,,2025-10-17,2025-10-23,,,2025-10-06 13:28:37.052265+00,2025-10-27 15:36:24.385366+00
809,65,808,[VENTAS] [MONROE],1,12,,2025-10-20,2025-10-22,,,2025-10-06 13:30:05.997211+00,2025-10-17 21:11:44.088819+00
810,65,808,[ANULACION][MONROE],1,12,,2025-10-20,2025-10-22,,,2025-10-06 13:30:56.502157+00,2025-10-17 16:51:06.221786+00
811,65,808,[VENTAS][MONROE][DC],1,12,,2025-10-22,2025-10-23,,,2025-10-06 13:31:44.725698+00,2025-10-17 21:13:30.869464+00
812,65,808,[PARAMETRIZACION],1,12,,2025-10-17,2025-10-20,,,2025-10-06 13:33:13.878658+00,2025-10-27 15:36:12.203006+00
813,65,,[Monroe] - Redención de puntos,4,12,,2025-10-24,2025-10-24,,,2025-10-06 13:34:35.074155+00,2025-10-17 16:50:29.444489+00
814,65,813,[PARAMETRIZACION],1,12,,2025-10-24,2025-10-24,,,2025-10-06 13:35:20.824659+00,2025-10-17 16:50:35.88396+00
815,65,,[Monroe] - Adecuaciones documentos Impresos,4,12,,2025-10-27,2025-10-28,,,2025-10-06 13:36:10.832633+00,2025-10-17 16:55:24.159679+00
816,65,815,[PARAMETRIZACION],1,12,,2025-10-27,2025-10-28,,,2025-10-06 13:36:56.244639+00,2025-10-17 16:55:31.508896+00
817,65,,[Monroe] [Demonio de Puntos],4,12,,2025-10-27,2025-10-30,,,2025-10-06 13:37:58.966553+00,2025-10-31 14:28:19.408323+00
818,65,817,[Adecuaciones],1,12,,2025-10-27,2025-10-30,,,2025-10-06 13:38:50.822046+00,2025-10-22 13:36:22.805625+00
819,65,,[Monrore] Cuadratura,4,1,,2025-11-03,2025-11-05,,,2025-10-06 13:39:33.296781+00,2025-10-07 20:16:03.957469+00
820,65,,[DC -Monroe] -  Documentos Impresos,4,12,,2025-10-27,2025-10-29,,,2025-10-06 21:44:04.239736+00,2025-10-20 19:37:03.310481+00
821,65,820,Documentos Impresos,1,12,,2025-10-27,2025-10-29,,,2025-10-06 21:59:01.8018+00,2025-10-20 21:30:09.37512+00
822,65,,[DC -Monroe] -  Documentos Axteroid,4,12,,2025-10-20,2025-10-22,,,2025-10-06 22:01:11.240095+00,2025-10-31 16:02:39.397031+00
823,65,822,Axteroid,1,12,,2025-10-20,2025-10-22,,,2025-10-06 22:01:44.689364+00,2025-10-31 16:03:07.001816+00
824,65,,[DC -Monroe] -  Web consulta,4,12,,2025-10-28,2025-10-31,,,2025-10-06 22:02:41.567805+00,2025-10-31 14:30:48.901855+00
846,65,,[Pruebas Internas],4,12,,2025-10-29,2025-11-03,,,2025-10-07 20:15:05.328108+00,2025-11-04 02:44:39.794568+00
848,65,,[Pruebas QA],4,7,,2025-11-05,2025-11-11,,,2025-10-07 20:16:20.815999+00,2025-11-05 13:35:03.037142+00
901,65,817,[Pruebas Demonio],1,12,,2025-10-27,2025-10-30,,,2025-10-22 13:35:29.4219+00,2025-10-31 14:28:50.684936+00
855,66,,[Atención de pedidos Omnicanales] - Proyecto B2B DC,5,1,,2025-10-13,2025-10-17,,,2025-10-13 19:29:11.276695+00,2025-10-14 19:37:30.258242+00
856,66,855,[B2B NPR R1] Mejoras,4,1,,2025-10-13,2025-10-17,,,2025-10-13 19:29:49.148695+00,2025-10-14 19:37:30.209252+00
858,66,856,[B2B NPR R1M] Mejora: Consulta comprobante NC y Facturas en Axteroid,6,7,,2025-10-15,2025-10-17,,,2025-10-13 19:46:11.137953+00,2025-10-15 19:04:02.050033+00
859,66,,[Mariale ] - Convenio,5,1,,2025-10-13,2025-10-16,,,2025-10-13 19:58:21.414213+00,2025-10-14 19:35:45.708882+00
861,66,859,POSU,4,1,,2025-10-13,2025-10-16,,,2025-10-13 20:02:02.766748+00,2025-10-14 19:35:45.657478+00
862,66,861,Análisis de Venta Convenio,6,7,,2025-10-13,2025-10-16,,,2025-10-13 20:03:06.574126+00,2025-10-15 19:03:42.670483+00
863,66,,[Mariale] - Rappi Fase 2,5,1,,2025-10-13,2025-10-14,,,2025-10-13 20:04:32.602799+00,2025-10-14 19:31:29.948876+00
864,66,863,[Rappi] - No aplica Sorteo Millón,6,7,,2025-10-13,2025-10-14,,,2025-10-13 20:05:15.232995+00,2025-10-15 19:03:34.070307+00
865,66,,[Mariale] - Nuevo POS,5,1,,2025-10-15,2025-10-17,,,2025-10-13 20:06:52.176214+00,2025-10-14 19:32:18.692788+00
866,66,865,Lógica de levantamiento - Pantalla WOW y Complementario,4,1,,2025-10-15,2025-10-17,,,2025-10-13 20:07:31.734125+00,2025-10-14 19:32:18.616343+00
867,66,866,[Compl - Wow] - Levantamiento pantalla Complementario y WOW,6,7,,2025-10-15,2025-10-17,,,2025-10-13 20:08:28.025054+00,2025-10-15 19:04:21.149685+00
868,66,,[Mariale] - Analytics POS,5,1,,2025-10-14,2025-10-17,,,2025-10-13 20:15:57.539559+00,2025-10-14 19:38:56.981623+00
869,66,868,Release 1,4,1,,2025-10-14,2025-10-17,,,2025-10-13 20:16:42.897756+00,2025-10-14 19:38:56.93512+00
870,66,869,[Analitics] - Parte 2 - Metadata,6,14,,2025-10-17,2025-10-17,,,2025-10-13 20:17:59.271169+00,2025-10-15 17:26:28.460709+00
871,66,869,[Analitics] - Parte 1 - Pase a producción y tablero PBI,6,7,,2025-10-14,2025-10-16,,,2025-10-13 21:03:02.629339+00,2025-10-15 19:04:08.618109+00
876,66,,[Srv API GATEWAY]Clasificar los servicios que consume el POS,6,7,,2025-10-14,2025-10-15,,,2025-10-14 19:20:29.870307+00,2025-10-15 19:05:02.973478+00
877,66,856,[B2B NPR R1M] Mejora: T&C de NCs en Axteroid,6,7,,2025-10-13,2025-10-14,,,2025-10-14 19:25:06.035759+00,2025-10-15 19:03:52.892779+00
881,66,,Certificación QA,3,1,,2025-10-20,2025-10-24,,,2025-10-15 19:05:08.708236+00,2025-10-15 19:05:55.339098+00
882,66,,Certificacion QA - Q4-Spring 1 - Analytics,3,1,,2025-10-13,2025-10-17,,,2025-10-15 19:07:38.322783+00,2025-10-15 19:07:56.352776+00
887,67,,[Change] Confirmar Direccion,4,12,,2025-10-20,2025-10-21,,,2025-10-17 16:26:36.771529+00,2025-10-21 13:44:29.113247+00
888,67,887,[Evento] Ejecutar la covertura cuando se edite la direccion,1,12,,2025-10-20,2025-10-20,,,2025-10-17 16:27:20.745112+00,2025-10-20 23:01:19.850476+00
889,67,887,"[Evento] Validar si trae mas de 1 RAD, se tiene que validar sus TIPO (Expres, PROG, AM_PM)",1,12,,2025-10-20,2025-10-20,,,2025-10-17 16:27:42.457899+00,2025-10-20 20:48:02.863105+00
890,67,887,[Evento] Recalcular los pickupPoint para la nueva direccion,1,12,,2025-10-20,2025-10-20,,,2025-10-17 16:28:05.569065+00,2025-10-20 20:47:16.318681+00
891,67,887,[Evento] Validar el carrito de compras si la nueva direccion  soporta regresa a la venta de Tipo de Entrega,1,12,,2025-10-20,2025-10-21,,,2025-10-17 16:28:26.266274+00,2025-10-20 23:00:57.484482+00
892,67,887,[Evento] Validar si el carrito no soporta la nueva direccion regresar a la pantalla de inicio con la nueva direccion,1,12,,2025-10-20,2025-10-21,,,2025-10-17 16:28:44.030791+00,2025-10-21 13:44:18.803799+00
893,67,,[Event Confirmation] Punto de Referencia Inicial,4,12,,2025-10-22,2025-10-22,,,2025-10-17 16:29:16.446822+00,2025-10-22 21:48:09.804683+00
894,67,893,"[Event] Setear la nueva direccion (Latitud y Longitud ) pedira nuevamente al usuario llenar su carrito, si es fidelizado debe permanecer",1,12,,2025-10-22,2025-10-22,,,2025-10-17 16:32:14.701236+00,2025-10-22 21:48:22.315738+00
895,67,,[Event Confirmation] Tipo de Entrega,4,12,,2025-10-21,2025-10-22,,,2025-10-17 16:33:53.820761+00,2025-10-22 13:08:56.899931+00
896,67,895,"[Event] Debe  persistir la nueva direccion, para cuando continue al steep de la nueva direccion el boton F8 debe estar prendido, no debe solicitarle ingresar nuevamente la direccion salvo el caso que edite nuevamente",1,12,,2025-10-21,2025-10-22,,,2025-10-17 16:34:41.520251+00,2025-10-22 13:10:26.611624+00
897,67,895,[Event] Debe setear los tipos RAD y sus horarios de acuerdo a criterio que el T.F  le indique al usuario y esta debe persistir hasta la venta,1,12,,2025-10-21,2025-10-21,,,2025-10-17 16:35:01.29182+00,2025-10-22 13:08:30.784146+00
898,67,895,"[Event] En algun apartado debe indicar el local RAD según  su tipo por ejemplo Expres : local de despacho AH0, AM_PM : Local de despacho GV6",1,12,,2025-10-21,2025-10-21,,,2025-10-17 16:35:25.86256+00,2025-10-22 13:08:18.213023+00
899,67,,[Pruebas Internas] [Documentacion],4,12,,2025-10-22,2025-10-23,,,2025-10-17 16:35:46.743629+00,2025-10-23 22:23:16.233103+00
900,67,,[QA] ,4,12,,,,,,2025-10-17 16:36:09.276518+00,2026-01-26 13:09:53.006916+00
906,68,,[Mariale] - Analytics POS,5,1,,2025-10-27,2025-11-07,,,2025-10-27 20:20:54.510184+00,2025-11-03 21:07:18.806951+00
907,68,906,Release 1,4,1,,2025-10-27,2025-11-07,,,2025-10-27 20:23:57.50666+00,2025-11-03 21:07:18.400454+00
908,68,907,[Analitics] - Parte 2 - Metadata,6,7,,2025-10-27,2025-10-29,,,2025-10-27 20:25:06.990507+00,2025-10-29 19:59:32.988167+00
909,68,,[Atención de pedidos Omnicanales] - Proyecto B2B DC,5,1,,2025-10-27,2025-10-27,,,2025-10-27 20:29:41.012641+00,2025-10-27 20:34:48.804619+00
910,68,909,[B2B NPR R1] Mejoras,4,1,,2025-10-27,2025-10-27,,,2025-10-27 20:30:49.507475+00,2025-10-27 20:34:48.511498+00
911,68,910,[B2B NPR R1M] Mejora: Cambio de jasper para envío de facturas B2B a Axteroid,6,10,,2025-10-27,2025-10-27,,,2025-10-27 20:32:32.084164+00,2025-10-29 19:59:01.917328+00
912,68,,Convenios,3,1,,2025-10-27,2025-10-29,,,2025-10-27 20:54:19.801673+00,2025-10-29 18:50:41.299931+00
913,68,912,As Is - Toma pedido convenio (eps y seguros),1,7,,2025-10-27,2025-10-29,,,2025-10-27 21:16:38.811958+00,2025-10-29 19:57:59.390751+00
914,68,912,Análisis documentación SANITAS,1,7,,2025-10-27,2025-10-28,,,2025-10-27 21:20:00.697248+00,2025-10-29 19:57:13.596265+00
915,68,912,Análisis documentación PACIFICO,1,7,,2025-10-27,2025-10-28,,,2025-10-27 21:24:06.904312+00,2025-10-29 19:57:27.491762+00
916,68,,IA Convenio fase 2,3,1,,2025-10-27,2025-11-04,,,2025-10-29 19:52:05.906691+00,2025-11-03 21:00:02.714391+00
917,68,916,"Análisis, diseño y plan de la implementación",3,7,,2025-10-27,2025-10-29,,,2025-10-29 19:55:25.602587+00,2025-11-03 20:58:28.495032+00
929,68,916,IA CONVENIO - Cambio de estados PDD por validar y auditar,6,7,,2025-10-31,2025-11-04,,,2025-11-03 20:56:36.590207+00,2025-11-03 21:00:27.896335+00
931,68,907,Certificacion QA,3,1,,2025-11-03,2025-11-07,,,2025-11-03 21:05:27.506114+00,2025-11-03 21:07:17.088856+00
936,69,,Documentación de Repositorios en Azure,5,12,,2025-10-29,2026-02-20,,,2025-11-11 14:24:45.390797+00,2026-02-16 14:45:13.155056+00
1304,69,936,Estructura de Documentación,4,12,,2025-10-29,2026-01-21,,,2026-02-11 10:06:57.338512+00,2026-02-11 10:21:20.672424+00
1305,69,936,Generar Docs de los Proyectos en Azure,1,12,,2025-10-29,2026-01-30,,,2026-02-11 10:08:25.333689+00,2026-02-11 10:22:01.559842+00
1306,69,1304,Generación de Estructura Base,1,12,,2025-10-29,2025-11-07,,,2026-02-11 10:11:12.762741+00,2026-02-11 10:16:43.074855+00
1307,69,1304,Unificación del PROMT para Codex,1,12,,2026-01-19,2026-01-20,,,2026-02-11 10:11:48.622962+00,2026-02-11 10:20:40.271649+00
1308,69,1304,Envío de PROMT por correo,1,12,,2026-01-21,2026-01-21,,,2026-02-11 10:21:03.902603+00,2026-02-11 10:21:20.620546+00
1309,69,936,Generar diagrama en formato .MMD,1,12,,2026-02-03,2026-02-20,,,2026-02-11 10:25:31.17121+00,2026-02-17 20:59:12.420448+00
1310,69,,Gestion de Servidores POS,5,7,,2025-11-11,2026-04-30,,,2026-02-11 10:34:54.480917+00,2026-04-15 14:17:41.128766+00
1311,69,1310,Servidores de Chorriillos a Alzamora,4,12,,2026-01-29,2026-02-23,,,2026-02-11 10:36:50.858772+00,2026-04-15 14:18:07.734823+00
1312,69,1851,Servidor MIA para PRICING,3,12,,2025-11-11,2026-01-16,,,2026-02-11 10:38:04.074355+00,2026-03-23 04:19:53.6926+00
1313,69,1312,Habilitar Server Temporal,1,12,,2025-11-11,2025-11-28,,,2026-02-11 10:38:46.612502+00,2026-02-11 10:41:36.079901+00
1314,69,1312,Homologar con MIA I73,1,12,,2026-01-05,2026-01-16,,,2026-02-11 10:40:27.212242+00,2026-02-11 10:52:05.024808+00
1315,69,1851,Servidor MIA para QA,3,12,,2026-01-19,2026-01-23,,,2026-02-11 10:44:26.413108+00,2026-03-23 04:20:06.478288+00
1316,69,1315,Homologar con MIA I76,1,12,,2026-01-19,2026-01-23,,,2026-02-11 10:46:21.183248+00,2026-03-12 18:44:57.333925+00
1317,69,1312,Gestionar Server Permanente,1,12,,2025-11-11,2026-01-02,,,2026-02-11 10:49:20.769514+00,2026-02-11 10:51:17.040553+00
1318,69,1311,Correo de Baja no comunicada,1,12,,2026-01-29,2026-01-29,,,2026-02-11 10:54:20.764373+00,2026-02-11 10:54:45.180908+00
1319,69,1311,Traslado de 4 Servidores,1,12,,2026-02-03,2026-02-10,,,2026-02-11 10:55:44.839491+00,2026-02-17 21:07:30.457511+00
1334,69,1417,Ubicación de Servidores,3,12,,2026-02-10,2026-02-23,,,2026-02-11 14:46:36.303509+00,2026-03-23 04:43:40.768648+00
1335,69,1334,Solicitar ubicación a NW,1,12,,2026-02-10,2026-02-13,,,2026-02-11 14:47:28.688853+00,2026-02-19 13:22:55.261977+00
1336,69,1334,Etiquetar servidores,1,12,,2026-02-16,2026-02-20,,,2026-02-11 14:49:09.396895+00,2026-02-24 14:11:34.170695+00
1341,69,,Viajeros Ambientes Bajos,5,7,,2026-01-13,2026-02-27,,,2026-02-16 22:50:25.141082+00,2026-04-22 14:34:56.133835+00
1342,69,1341,ADM_PROD a DEV-QAS,4,7,,2026-01-13,2026-02-27,,,2026-02-16 22:53:57.688178+00,2026-03-12 18:48:55.795056+00
1343,69,1341,ADM_TEST a DEV-QAS,4,1,,,,,,2026-02-16 22:54:48.362105+00,2026-02-16 22:54:56.919816+00
1344,69,1342,Ambientes QAS,3,7,,2026-01-13,2026-02-20,,,2026-02-16 22:55:52.325043+00,2026-04-15 14:25:39.073495+00
1345,69,1342,Ambientes Team HB,3,12,,2026-01-13,2026-02-20,,,2026-02-16 22:56:16.408401+00,2026-04-15 14:25:30.812765+00
1346,69,1342,Ambientes Team Jedis,3,1,,2026-02-23,2026-02-27,,,2026-02-16 22:56:36.526228+00,2026-02-19 13:28:04.014478+00
1347,69,1342,Ambientes Team .Log,3,1,,2026-02-23,2026-02-27,,,2026-02-16 22:56:56.116834+00,2026-02-19 13:28:13.138504+00
1348,69,,Web Consultas Comprobantes,5,12,,2026-02-12,2026-02-18,,,2026-02-17 14:06:39.280139+00,2026-02-19 13:29:04.182312+00
1349,69,1348,Despliegue QAS,4,12,,2026-02-12,2026-02-13,,,2026-02-17 14:08:58.993139+00,2026-02-17 14:10:20.306182+00
1350,69,1348,Despliegue PRD,4,12,,2026-02-16,2026-02-18,,,2026-02-17 14:09:24.873214+00,2026-03-12 18:50:01.969035+00
1351,69,1334,Reubicacion en Data Center,1,12,,2026-02-20,2026-02-23,,,2026-02-17 14:26:31.642283+00,2026-03-12 18:47:30.281853+00
1352,69,1311,Habilita Server QA_S01,1,12,,2026-02-05,2026-02-23,,,2026-02-17 21:00:39.699195+00,2026-03-30 14:20:16.630926+00
1353,69,1311,Habilita Server QA_BU1,1,12,,2026-02-05,2026-02-23,,,2026-02-17 21:01:28.318919+00,2026-03-30 14:20:11.536416+00
1354,69,1311,Habilita Server QA_I74,1,12,,2026-02-05,2026-02-23,,,2026-02-17 21:05:52.303265+00,2026-04-15 14:17:56.946823+00
1355,69,1311,Habilita Server AXTEROID,1,12,,2026-02-05,2026-02-23,,,2026-02-17 21:06:07.620913+00,2026-03-12 18:46:32.281892+00
1386,69,1851,Servidor MIA para DIGITAL,3,12,,2026-02-17,2026-03-13,,,2026-02-24 16:29:07.824236+00,2026-04-15 14:18:46.937013+00
1387,69,1386,Solicitar Servidor Virtual,1,12,,2026-02-17,2026-02-27,,,2026-02-24 16:30:19.260648+00,2026-04-15 14:18:22.508517+00
1388,69,1386,Homologar con Producción,1,12,,2026-03-02,2026-03-06,,,2026-02-24 16:30:44.673815+00,2026-04-15 14:18:33.938256+00
1389,69,1386,Viajero de Promociones,1,12,,2026-03-09,2026-03-13,,,2026-02-24 16:31:35.987669+00,2026-04-15 14:18:41.96489+00
1417,69,1310,Servidores QA,4,12,,2026-02-10,2026-03-16,,,2026-03-02 16:46:04.584787+00,2026-03-23 04:18:48.673469+00
1418,69,1417,QA_MIFA_011,3,12,,2026-02-10,2026-03-16,,,2026-03-02 16:48:38.152224+00,2026-03-23 04:39:40.002872+00
1419,69,1418,Formato y Reinstalación,1,12,,2026-02-10,2026-02-17,,,2026-03-02 16:49:18.886193+00,2026-03-12 18:47:44.726477+00
1750,69,,SIB Izipay,5,13,,2026-03-04,2026-03-24,,,2026-03-12 18:11:08.280216+00,2026-03-23 04:15:33.28234+00
1752,69,1750,Despliegue FAPE - Flujo 44.0,4,13,,2026-03-04,2026-03-24,,,2026-03-12 18:11:27.685522+00,2026-03-23 04:15:33.252881+00
1784,69,1418,Homologacion BD,1,12,,2026-02-18,2026-03-16,,,2026-03-12 18:48:10.649934+00,2026-03-17 14:13:16.991762+00
1802,69,1752,Reinicio de cajas 04-marzo,1,12,,2026-03-04,2026-03-04,,,2026-03-12 20:14:21.142901+00,2026-03-16 13:56:58.446192+00
1803,69,1752,Reinicio de cajas 05-marzo,1,12,,2026-03-05,2026-03-05,,,2026-03-12 20:16:24.185978+00,2026-03-12 20:18:03.574178+00
1804,69,1752,Reinicio de cajas 06-marzo,1,12,,2026-03-06,2026-03-06,,,2026-03-12 20:17:03.79707+00,2026-03-12 20:19:36.534548+00
1805,69,1752,Reinicio de cajas 09-marzo,1,12,,2026-03-09,2026-03-09,,,2026-03-12 20:20:04.21744+00,2026-03-12 20:20:36.088034+00
1806,69,1752,Reinicio de cajas 10-marzo,1,12,,2026-03-10,2026-03-10,,,2026-03-12 20:20:54.044429+00,2026-03-12 20:23:19.768679+00
1807,69,1752,Reinicio de cajas 11-marzo,1,12,,2026-03-11,2026-03-11,,,2026-03-12 20:21:47.780563+00,2026-03-12 20:23:21.460884+00
1808,69,1752,Reinicio de cajas 12-marzo,1,12,,2026-03-12,2026-03-12,,,2026-03-12 20:22:49.41679+00,2026-03-12 20:23:25.297704+00
1809,69,1752,Reinicio de cajas 13-marzo,1,14,,2026-03-13,2026-03-13,,,2026-03-12 20:23:57.822394+00,2026-03-23 04:16:03.464058+00
1822,69,1752,Reinicio de cajas 18-marzo,1,12,,2026-03-18,2026-03-18,,,2026-03-17 14:16:50.278846+00,2026-03-23 04:14:35.140956+00
1850,69,1752,Reinicio de cajas 24-marzo,1,14,,2026-03-24,2026-03-24,,,2026-03-23 04:15:00.070493+00,2026-04-15 14:25:57.673377+00
1851,69,1310,Servidores MIA,4,12,,2025-11-11,2026-03-13,,,2026-03-23 04:19:26.812606+00,2026-04-15 14:18:57.63439+00
1852,69,1310,Servidores 6C,4,12,,2026-03-17,2026-03-20,,,2026-03-23 04:32:36.868078+00,2026-04-15 14:17:13.670918+00
1853,69,1852,QA_MIFA_019,3,12,,2026-03-17,2026-03-20,,,2026-03-23 04:37:37.822849+00,2026-04-15 14:17:16.798028+00
1854,69,1853,Formateo y Reinstalación,1,12,,2026-03-17,2026-03-18,,,2026-03-23 04:42:33.687029+00,2026-04-15 14:16:55.890285+00
1855,69,1853,Homologacion BD,1,12,,2026-03-19,2026-03-20,,,2026-03-23 04:46:01.81188+00,2026-04-15 14:17:01.009334+00
1897,69,1310,Servidores .LOG,4,12,,2026-03-09,2026-04-30,,,2026-03-24 14:23:10.140625+00,2026-04-22 14:38:04.612516+00
2060,69,1310,Servidores Skynet,4,7,,2026-03-10,2026-04-30,,,2026-04-22 14:35:46.05809+00,2026-04-22 14:41:09.947374+00
2061,69,1897,QA_IK_FW9,3,12,,2026-03-09,2026-04-30,,,2026-04-22 14:38:04.490505+00,2026-04-22 14:39:19.407804+00
2062,69,2061,Formateo y Reinstalación,1,12,,2026-03-09,2026-04-30,,,2026-04-22 14:38:41.883121+00,2026-04-22 14:39:24.484259+00
2063,69,2061,Homologacion BD,1,12,,2026-03-09,2026-04-30,,,2026-04-22 14:39:07.606945+00,2026-04-22 14:39:31.123342+00
2064,69,2060,Creación de ambientes,3,7,,2026-03-10,2026-04-30,,,2026-04-22 14:40:48.189657+00,2026-04-22 14:42:32.803769+00
2065,69,2064,Solicitud de nuevos servidores,1,7,,2026-03-10,2026-04-30,,,2026-04-22 14:42:32.72668+00,2026-04-22 14:42:39.77617+00
954,70,,NECESIDADES TRADE MARKETING 2025,5,13,,2025-11-11,2025-11-17,,,2025-11-11 16:23:58.71267+00,2025-11-19 16:02:17.687881+00
955,70,954,Diseño de Impresión de Etiqueta,4,1,,2025-11-11,2025-11-17,,,2025-11-11 16:24:28.694709+00,2025-11-11 16:44:59.100503+00
957,70,955,[Preciador Regular] - Release 2,6,13,,2025-11-11,2025-11-13,,,2025-11-11 16:25:16.00703+00,2025-11-12 16:44:33.399361+00
959,70,955,[Preciador Promocional] - Release 2,6,13,,2025-11-14,2025-11-17,,,2025-11-11 16:26:14.602633+00,2025-11-12 16:44:50.512499+00
960,70,957,Análisis AS IS,1,1,,2025-11-11,2025-11-11,,,2025-11-11 16:27:56.788914+00,2025-11-11 16:33:33.796547+00
961,70,957,Quitar opcion impresora destino(termica o flejera),1,1,,2025-11-11,2025-11-11,,,2025-11-11 16:28:37.204111+00,2025-11-11 16:46:45.107372+00
962,70,957,Establecer por defecto impresora flejera,1,1,,2025-11-11,2025-11-11,,,2025-11-11 16:29:13.997095+00,2025-11-11 16:41:33.511297+00
963,70,957,Crear función db retorna EPL nuevo diseño regular,1,1,,2025-11-11,2025-11-13,,,2025-11-11 16:29:55.904827+00,2025-11-11 16:42:21.707275+00
964,70,957,Pruebas unitarias,1,1,,2025-11-13,2025-11-13,,,2025-11-11 16:30:24.900275+00,2025-11-11 16:43:13.299934+00
965,70,959,Análisis AS IS,1,1,,2025-11-17,2025-11-17,,,2025-11-11 16:31:10.385818+00,2025-11-11 16:45:40.606596+00
966,70,959,Crear función db retorna EPL nuevo diseño fidelizado (inkaclub o monedero),1,1,,2025-11-14,2025-11-17,,,2025-11-11 16:31:54.20773+00,2025-11-11 16:44:58.301819+00
967,70,959,Pruebas unitarias,1,1,,2025-11-14,2025-11-14,,,2025-11-11 16:32:33.30127+00,2025-11-11 16:43:48.302739+00
972,70,,CONVENIOS SITEDS,5,13,,2025-11-13,2025-12-12,,,2025-11-12 13:48:10.806639+00,2025-11-18 21:01:41.704576+00
973,70,972,IAFA Integración servicio,4,1,,2025-11-13,2025-11-21,,,2025-11-12 13:50:00.107613+00,2025-11-12 21:18:39.609889+00
974,70,973,Microservicio Middleware Normalizador,6,1,,2025-11-13,2025-11-21,,,2025-11-12 13:53:29.700547+00,2025-11-14 01:46:53.987115+00
975,70,973,Microservicio Experiencia SANITAS,6,1,,2025-11-13,2025-11-21,,,2025-11-12 13:55:28.003337+00,2025-11-12 21:18:39.408759+00
976,70,972,Adaptación de aplicaciones cliente a nuevo servicio Middleware,4,1,,2025-11-24,2025-12-05,,,2025-11-12 14:02:58.004001+00,2025-11-12 22:32:26.309182+00
977,70,976,POSU - Adaptación a nuevo servicio Middleware Normalizador,6,1,,2025-11-24,2025-12-05,,,2025-11-12 14:05:16.406228+00,2025-11-14 01:36:26.61118+00
978,70,976,DU - Adaptación a nuevo servicio Middleware Normalizador,6,13,,,,,,2025-11-12 14:06:22.30307+00,2025-11-12 21:45:05.504751+00
979,70,975,Crear arquetipo proyecto,1,1,,2025-11-13,2025-11-13,,,2025-11-12 14:07:34.995255+00,2025-11-12 15:42:54.895646+00
980,70,975,Configurar cliente para consumir api REST sanitas,1,1,,2025-11-13,2025-11-13,,,2025-11-12 14:08:20.687016+00,2025-11-12 15:43:29.18316+00
981,70,975,Guardar credenciales token en baúl secretos Google,1,1,,2025-11-13,2025-11-13,,,2025-11-12 14:09:31.705471+00,2025-11-12 15:44:18.307252+00
982,70,975,"Configuración propiedades perfiles DEV, QAS y PRD",1,1,,2025-11-13,2025-11-13,,,2025-11-12 14:10:32.812939+00,2025-11-12 16:46:09.997234+00
983,70,975,Crear cliente para obtener secretos de Google,1,1,,2025-11-13,2025-11-13,,,2025-11-12 14:11:25.007186+00,2025-11-12 15:55:34.207915+00
984,70,975,Configurar y documentar API con Swagger,1,1,,2025-11-13,2025-11-13,,,2025-11-12 14:12:31.888346+00,2025-11-12 15:56:24.198583+00
985,70,975,Definicion y creación de services,1,1,,2025-11-14,2025-11-14,,,2025-11-12 14:14:32.41013+00,2025-11-12 16:00:30.911492+00
986,70,975,Creación de controladores,1,1,,2025-11-14,2025-11-14,,,2025-11-12 14:15:11.80258+00,2025-11-12 16:01:55.29922+00
987,70,975,Definicion y Creación de DTOs,1,1,,2025-11-14,2025-11-14,,,2025-11-12 14:16:00.504544+00,2025-11-12 15:58:53.100425+00
988,70,975,Implementar obtención TOKEN y validar fecha de caducidad,1,1,,2025-11-14,2025-11-17,,,2025-11-12 14:17:10.209178+00,2025-11-12 16:12:09.109618+00
989,70,975,Crear método controlador getConsultaDeriva,1,1,,2025-11-17,2025-11-17,,,2025-11-12 14:19:25.7027+00,2025-11-12 16:03:42.010663+00
990,70,975,Crear método controlador getConsultaAsegCod,1,1,,2025-11-17,2025-11-17,,,2025-11-12 14:21:35.603099+00,2025-11-12 16:04:20.500459+00
991,70,975,Crear método controlador getNumAutorizacion,1,1,,2025-11-17,2025-11-17,,,2025-11-12 14:23:12.2029+00,2025-11-12 16:04:54.005121+00
992,70,975,Implementar método servicie getConsultaDeriva,1,1,,2025-11-17,2025-11-17,,,2025-11-12 14:24:17.60188+00,2025-11-12 16:07:55.605082+00
993,70,975,Implementar método service getConsultaAsegCod,1,1,,2025-11-17,2025-11-18,,,2025-11-12 14:25:38.707158+00,2025-11-12 16:09:14.610258+00
994,70,975,Implementar método service getNumAutorizacion,1,1,,2025-11-18,2025-11-18,,,2025-11-12 14:26:42.911279+00,2025-11-12 16:09:36.593687+00
995,70,975,Pruebas unitarias,1,1,,2025-11-18,2025-11-20,,,2025-11-12 14:27:27.297296+00,2025-11-12 21:17:57.608691+00
996,70,975,Solicitud ticket creación repositorio,1,1,,2025-11-21,2025-11-21,,,2025-11-12 14:28:16.808646+00,2025-11-12 21:18:38.894045+00
997,70,975,Versionar proyecto y subir fuentes AZURE,1,1,,2025-11-21,2025-11-21,,,2025-11-12 14:29:07.209511+00,2025-11-12 21:19:37.600565+00
998,70,974,Crear arquetipo proyecto,1,1,,2025-11-13,2025-11-13,,,2025-11-12 14:30:41.303511+00,2025-11-12 16:17:47.807246+00
999,70,974,Guardar credenciales token en baúl secretos Google,1,1,,2025-11-13,2025-11-13,,,2025-11-12 14:31:21.202416+00,2025-11-12 16:18:45.805091+00
1000,70,974,"Configuración propiedades perfil DEV, QAS y PRD",1,1,,2025-11-13,2025-11-13,,,2025-11-12 14:32:32.083483+00,2025-11-12 16:20:21.291622+00
1001,70,974,Crear cliente para obtener secretos de Google,1,1,,2025-11-13,2025-11-13,,,2025-11-12 15:20:26.708174+00,2025-11-12 16:21:35.401953+00
1002,70,974,Configurar y documentar API con  Swagger,1,1,,2025-11-13,2025-11-13,,,2025-11-12 15:21:08.399535+00,2025-11-12 16:22:12.898357+00
1003,70,974,Definición y creación de services,1,1,,2025-11-13,2025-11-14,,,2025-11-12 15:21:56.600184+00,2025-11-12 16:23:25.606934+00
1004,70,974,Definir DTOs normalizado para todas las IAFAS,1,1,,2025-11-14,2025-11-14,,,2025-11-12 15:22:51.199856+00,2025-11-12 16:55:36.088612+00
1005,70,974,Crear método controlador getConsultaDeriva,1,1,,2025-11-14,2025-11-14,,,2025-11-12 15:23:53.497079+00,2025-11-12 16:25:21.600565+00
1006,70,974,Crear método controlador getConsultaAsegCod,1,1,,2025-11-14,2025-11-14,,,2025-11-12 15:24:36.509237+00,2025-11-12 16:25:54.904821+00
1007,70,974,Crear método controlador getNumAutorizacion,1,1,,2025-11-17,2025-11-17,,,2025-11-12 15:25:20.910369+00,2025-11-17 13:22:40.805193+00
1008,70,974,Integración SANITAS,3,1,,2025-11-17,2025-11-20,,,2025-11-12 15:26:13.40998+00,2025-11-14 01:50:38.702347+00
1009,70,1008,Configurar cliente para consumir api REST EXP SANITAS,1,1,,2025-11-17,2025-11-17,,,2025-11-12 15:27:02.691231+00,2025-11-12 16:26:56.798112+00
1010,70,1008,Implementar método service getConsultaDeriva,1,1,,2025-11-17,2025-11-17,,,2025-11-12 15:27:58.200869+00,2025-11-12 16:27:33.400832+00
1011,70,1008,Implementar método service getConsultaAsegCod,1,1,,2025-11-17,2025-11-18,,,2025-11-12 15:28:43.40435+00,2025-11-12 16:28:46.488996+00
1012,70,1008,Implementar método service getNumAutorizacion,1,1,,2025-11-18,2025-11-18,,,2025-11-12 15:29:24.089947+00,2025-11-12 16:29:23.093981+00
1013,70,1008,Pruebas unitarias,1,1,,2025-11-18,2025-11-20,,,2025-11-12 15:29:47.008869+00,2025-11-12 17:00:02.602326+00
1014,70,977,Crear SCRIPT actualizar dominios en DB LOCAL,1,1,,2025-11-24,2025-11-24,,,2025-11-12 16:49:34.990236+00,2025-11-12 19:39:48.196159+00
1015,70,977,Deprecar librería serializa y desrealiza ANSI X12,1,1,,2025-11-24,2025-11-24,,,2025-11-12 16:50:44.79433+00,2025-11-12 19:40:46.794689+00
1016,70,977,refactorizar consumos nuevo recurso getconsultaderiva de middleware ,1,1,,2025-11-24,2025-11-25,,,2025-11-12 16:52:03.005642+00,2025-11-12 21:45:54.102741+00
1017,70,977,refactorizar consumos nuevo recurso getConsultaAsegCod de middleware,1,1,,2025-11-26,2025-11-27,,,2025-11-12 16:52:52.400553+00,2025-11-12 21:46:53.206141+00
1018,70,977,Refactorizar consumo nuevo recurso getNumAutorizacion de middleware,1,1,,2025-11-27,2025-11-28,,,2025-11-12 16:53:59.308622+00,2025-11-12 21:47:44.501926+00
1019,70,977,Guardar antiguos y nuevos datos en NUM_AUTORIZACION,1,1,,2025-12-01,2025-12-01,,,2025-11-12 16:56:52.104766+00,2025-11-12 21:49:11.102814+00
1020,70,977,Pruebas unitarias SANITAS,1,1,,2025-12-02,2025-12-05,,,2025-11-12 16:58:27.511371+00,2025-11-12 21:51:35.601983+00
1022,70,974,Solicitud ticket creación de repositorio,1,1,,2025-11-21,2025-11-21,,,2025-11-12 21:21:15.389618+00,2025-11-12 21:42:42.400047+00
1023,70,974,Versionar proyecto y subir fuentes AZURE,1,1,,2025-11-21,2025-11-21,,,2025-11-12 21:22:48.301105+00,2025-11-12 21:43:40.388751+00
1024,70,972,Liquidación de convenios,4,1,,2025-11-13,2025-12-05,,,2025-11-12 22:28:56.70052+00,2025-11-14 00:58:42.600469+00
1025,70,1024,Configuración de convenios y habilitación del consumo directo de servicios ante la ausencia de Automy para la liquidación en ambientes bajos,6,7,,2025-11-13,2025-12-05,,,2025-11-12 22:30:47.484767+00,2025-11-14 01:16:18.40248+00
1026,70,972,Certificación QA,3,1,,2025-12-08,2025-12-12,,,2025-11-12 22:33:04.804983+00,2025-11-12 22:34:04.205155+00
1027,70,1025,configuración convenio SANITAS en DB liquidation-agreement,1,1,,2025-11-13,2025-11-13,,,2025-11-12 22:45:42.403447+00,2025-11-14 00:58:40.59962+00
1028,70,1025,configuración convenio en POS,1,1,,2025-11-13,2025-11-13,,,2025-11-12 22:46:29.694136+00,2025-11-14 00:59:29.804827+00
1029,70,1025,Crear pedido POS + subida en RAC,1,1,,2025-11-13,2025-11-13,,,2025-11-12 22:55:14.287598+00,2025-11-14 01:02:02.39068+00
1030,70,1025,Enviar pedido a DB liquidation-agreement -> consumo directo endPoint,1,1,,2025-11-14,2025-11-14,,,2025-11-12 22:56:22.107464+00,2025-11-14 01:02:46.701775+00
1031,70,1025,"agregar atributo idRequest ""Pedidos_02/10/2023_05133"" al pedido para que se vizualice en el app -> manual",1,1,,2025-11-14,2025-11-14,,,2025-11-12 22:59:26.492285+00,2025-11-14 01:03:17.499886+00
1032,70,1025,Generar app digitalización sustentos apuntando DEV,1,1,,2025-11-17,2025-11-17,,,2025-11-13 12:59:20.296267+00,2025-11-14 01:03:39.397785+00
1033,70,1025,Digitalizar sustentos adicionales,1,1,,2025-11-17,2025-11-17,,,2025-11-13 13:00:21.703634+00,2025-11-14 01:08:00.388236+00
1034,70,1025,Cambiar estados: por validar -> por auditar -> auditado,1,1,,2025-11-18,2025-11-18,,,2025-11-13 13:01:23.709713+00,2025-11-14 01:06:10.89304+00
1035,70,1025,consumo servicio agreements- para generar reportes,1,1,,2025-11-19,2025-11-19,,,2025-11-13 13:07:02.086698+00,2025-11-14 01:14:43.802106+00
1036,70,1025,Consumo servicio para generar ZIP,1,1,,2025-11-20,2025-11-20,,,2025-11-13 13:09:51.104906+00,2025-11-14 01:15:52.100771+00
1037,70,1025,Liquidar convenio sanitas después de la adecuación con la IAFA,3,1,,2025-12-01,2025-12-05,,,2025-11-13 13:13:52.710248+00,2025-11-14 01:15:22.294911+00
1038,70,1025,Generar lote desde financiero web DEV,1,1,,2025-11-18,2025-11-19,,,2025-11-14 01:11:08.504201+00,2025-11-14 01:13:52.20657+00
1047,70,,CONVENIOS POR DB,5,1,,2025-11-19,2025-11-27,,,2025-11-18 21:06:07.783294+00,2025-11-19 23:15:56.597005+00
1053,70,1047,Ventas convenio,4,1,,2025-11-19,2025-11-27,,,2025-11-19 16:03:18.10494+00,2025-11-19 23:15:56.301247+00
1054,70,1053,Automatizar carga beneficiarios convenios,6,1,,2025-11-19,2025-11-27,,,2025-11-19 16:08:52.788123+00,2025-11-19 23:15:56.092581+00
1055,70,1054,Configuración servidor SFTP,1,1,,2025-11-19,2025-11-20,,,2025-11-19 16:22:10.408199+00,2025-11-19 22:57:02.799632+00
1056,70,1054,Creación Script Shell Cargar Beneficiario,1,1,,2025-11-20,2025-11-24,,,2025-11-19 16:38:40.197837+00,2025-11-19 22:58:01.099234+00
1057,70,1054,Crear Tabla LOG documentos procesados,1,1,,2025-11-20,2025-11-20,,,2025-11-19 16:54:55.710392+00,2025-11-19 23:01:14.216639+00
1058,70,1054,Crear tabla AUXILIAR beneficiarios,1,1,,2025-11-20,2025-11-20,,,2025-11-19 16:57:52.98857+00,2025-11-19 23:04:22.50317+00
1059,70,1054,Crear PKG ejecutara carga beneficiarios,1,1,,2025-11-21,2025-11-21,,,2025-11-19 17:02:49.80793+00,2025-11-19 23:05:18.696736+00
1060,70,1054,Programar tarea en scheduler RAC,1,1,,2025-11-24,2025-11-24,,,2025-11-19 17:05:13.511974+00,2025-11-19 23:06:36.311158+00
1061,70,1054,Pruebas unitarias,3,13,,2025-11-25,2025-11-27,,,2025-11-19 17:16:38.102922+00,2025-11-26 21:06:34.810332+00
1062,70,1061,Agregar CSV a las carpetas IAFAS en el SFTP,1,1,,2025-11-25,2025-11-25,,,2025-11-19 19:01:35.500687+00,2025-11-19 23:12:27.297563+00
1063,70,1061,Lanzar script Shell via SSH (Putty),1,1,,2025-11-25,2025-11-25,,,2025-11-19 19:03:59.986731+00,2025-11-19 23:10:12.010821+00
1064,70,1061,Validar ejecucion Script Shell vio Scheduller DB RAC,1,1,,2025-11-26,2025-11-26,,,2025-11-19 19:05:25.592439+00,2025-11-19 23:11:01.508946+00
1065,70,1061,Validar movimiento de CSV en carpetas de éxito u error,1,1,,2025-11-26,2025-11-26,,,2025-11-19 19:07:01.187922+00,2025-11-19 23:13:08.506661+00
1066,70,1061,Validar integridad datos importados al RAC,1,1,,2025-11-27,2025-11-27,,,2025-11-19 19:08:20.814236+00,2025-11-19 23:14:58.685845+00
1067,70,1061,Crear pedido convenio,1,1,,2025-11-27,2025-11-27,,,2025-11-19 19:10:34.205012+00,2025-11-19 23:15:55.197726+00
1044,71,,Rediseño - Lista de Productos,4,1,,2025-11-24,2025-11-27,,,2025-11-18 15:16:17.911961+00,2025-11-26 13:27:48.803579+00
1045,71,1044,Rediseño Grilla de Productos,1,1,,2025-11-25,2025-11-27,,,2025-11-18 15:16:44.613884+00,2025-11-26 13:27:48.100924+00
1046,71,1044,Rediseño barra de Menu y Barra superior,1,1,,2025-11-24,2025-11-26,,,2025-11-18 15:17:18.599541+00,2025-11-26 13:27:27.707949+00
1068,71,,Rediseño - Resumen de Productos,4,1,,2025-11-25,2025-12-03,,,2025-11-26 13:23:57.689355+00,2025-11-26 13:29:46.902989+00
1069,71,1068,Menu Lateral para carrito de compra,1,1,,2025-11-25,2025-11-28,,,2025-11-26 13:24:39.485622+00,2025-11-26 13:28:33.299652+00
1070,71,1068,Logica para resumen de productos en Menu Lateral ,1,1,,2025-11-27,2025-12-01,,,2025-11-26 13:25:33.202062+00,2025-11-26 13:28:55.001041+00
1071,71,1068,Agregar  WOW y Complementarios en Menu Lateral,1,1,,2025-12-02,2025-12-03,,,2025-11-26 13:26:23.393844+00,2025-11-26 13:29:46.297613+00
1072,71,,Pruebas de Implementacion ,4,1,,2025-12-04,2025-12-10,,,2025-11-26 13:29:21.202044+00,2025-11-26 13:30:25.91225+00
1073,72,,[FLUJO MESON],4,12,,2025-11-25,2025-12-16,,,2025-11-26 13:34:49.912021+00,2026-01-21 13:03:28.193319+00
1074,72,,[FLUJO DC],4,12,,2025-12-01,2025-12-12,,,2025-11-26 13:35:20.303106+00,2026-01-21 13:04:08.089745+00
1075,72,1073,[Anulacion Afecto- Inafecto] Destino y Cobrado - AXT y Boleta ,1,12,,2025-11-25,2025-11-27,,,2025-11-26 13:36:22.29132+00,2025-11-27 16:23:32.912581+00
1076,72,1073,[Lentitud] Punto de Venta,1,12,,2025-11-27,2025-12-02,,,2025-11-26 13:36:55.1081+00,2026-01-21 13:03:41.49514+00
1077,72,1073,[Anulacion] OMS,1,12,,2025-11-27,2025-11-27,,,2025-11-26 13:37:25.905649+00,2025-11-28 14:15:38.701968+00
1078,72,1074,[Pruebas del DC],1,12,,2025-12-01,,,,2025-11-26 13:43:12.908326+00,2026-01-21 13:03:54.198923+00
1079,72,,[Pruebas Internas],4,12,,,,,,2025-11-26 14:13:55.003022+00,2026-01-21 13:04:16.092481+00
1088,72,1073,[Correo AXT],1,12,,2025-11-27,2025-12-02,,,2025-12-01 20:19:41.299205+00,2025-12-12 20:27:20.508847+00
1089,72,1073,[Flujo Anulacion] Anulacion Flujo Anticipo,1,12,,2025-12-11,2025-12-16,,,2025-12-12 20:28:02.298594+00,2026-01-21 13:03:35.686293+00
1090,72,1074,[SubTotal] Correccion Flujo Digital,1,12,,2025-12-10,2025-12-11,,,2025-12-12 20:31:29.602737+00,2025-12-12 20:34:46.910132+00
1091,72,1074,[Modulo Liquidación ] Parametro Adicional,1,12,,2025-12-11,2025-12-11,,,2025-12-12 20:32:32.704067+00,2025-12-12 20:34:46.795182+00
1092,72,1074,[SubTotal] Correccion Descuento Flujo Digital,1,12,,2025-12-12,,,,2025-12-12 20:35:31.6845+00,2026-01-21 13:03:59.50425+00
1080,73,,[MEJORAS],4,12,,2025-12-01,2025-12-01,,,2025-12-01 18:54:10.205092+00,2025-12-12 20:25:05.483238+00
1081,73,1080,Revisar que los textos de todos los botones tengan accion.,1,12,,2025-12-01,2025-12-01,,,2025-12-01 18:54:36.906302+00,2025-12-12 20:24:30.010563+00
1082,73,1080,"En el escanear codigo de barras, agregar un check de leido y el sonido debe ser  cuando ya a leido.",1,12,,2025-12-01,2025-12-01,,,2025-12-01 18:55:04.103767+00,2025-12-12 20:24:18.00057+00
1083,73,1080,Agregar los errores en la parte inferior como tag.,1,12,,,,,,2025-12-01 18:55:28.002648+00,2025-12-12 20:24:42.988809+00
1084,73,,Requerimientos,4,12,,2025-12-01,2025-12-01,,,2025-12-01 18:55:55.307712+00,2025-12-12 20:25:14.303074+00
1085,73,1084,Agregar ventana de Venta RAPIDA,1,12,,2025-12-01,2025-12-01,,,2025-12-01 18:56:28.900894+00,2025-12-01 20:04:57.900292+00
1086,73,1084,Dividir el pago en  un Schedule,1,12,,,,,,2025-12-01 18:57:03.015845+00,2025-12-12 20:24:09.002049+00
1087,73,1084,Agregar validacion de la sincronizacion ,1,12,,,,,,2025-12-01 20:16:52.814643+00,2025-12-01 20:17:47.585002+00
1098,75,,Impresora de Reportes,1,7,,2026-02-09,2026-02-12,,,2026-01-18 21:17:37.694519+00,2026-02-10 21:20:57.129572+00
1099,75,,Service myPaltime,1,14,,2026-01-19,2026-01-23,,,2026-01-18 21:17:56.698944+00,2026-02-10 21:19:16.572501+00
1111,75,,Incidentes del Sistema,1,12,,2026-01-19,2026-01-23,,,2026-01-19 22:06:49.392472+00,2026-02-10 21:21:55.177584+00
1115,75,,[POSU] Mejora mensaje al utilizar una NC,1,12,,2026-01-19,2026-01-20,,,2026-01-20 13:59:54.008006+00,2026-01-26 13:27:08.691257+00
1161,75,,Creación de usuario en IRS,1,12,,2026-01-21,2026-01-23,,,2026-01-27 18:51:33.394189+00,2026-02-03 17:29:40.016912+00
1200,75,,[POSU] Mejora Nuevo Módulo de Mantenimiento de Usuario,1,12,,2026-02-04,2026-02-06,,,2026-02-10 21:24:01.810458+00,2026-02-10 21:25:29.281168+00
1201,75,,Mesa de Ayuda,1,12,,2026-02-10,2026-02-27,,,2026-02-10 21:26:43.445543+00,2026-02-27 01:49:23.774183+00
1356,75,,[POSU] Guadar caracteristicas del punto de venta,1,7,,2026-02-20,2026-02-20,,,2026-02-20 21:46:17.998755+00,2026-02-20 21:46:30.977621+00
1390,75,1201,[INTRANET] Módulo SANDBOX,1,12,,2026-02-09,2026-02-12,,,2026-02-24 16:42:29.357434+00,2026-02-27 01:49:08.576669+00
1391,75,1201,[OPERADOR] Atención de Llamadas,1,12,,2026-02-19,2026-02-26,,,2026-02-24 16:46:20.82078+00,2026-02-27 01:48:31.770582+00
1392,75,1201,[CCVOX] Reunión con el Proveedor,1,12,,2026-02-25,2026-02-25,,,2026-02-24 16:47:10.742852+00,2026-02-27 01:48:55.757184+00
1393,75,1201,[COORDINADORES] Atención de GLPI,1,12,,2026-02-09,2026-02-12,,,2026-02-24 17:00:04.768783+00,2026-02-27 01:48:10.979254+00
1398,75,1391,Operador 1,1,12,,2026-02-19,2026-02-19,,,2026-02-25 13:56:14.879764+00,2026-02-27 01:47:46.151405+00
1399,75,1391,Operador 2,1,12,,2026-02-26,2026-02-26,,,2026-02-25 13:57:50.368719+00,2026-03-02 16:28:46.889036+00
1400,75,1393,Coordinador 1,1,12,,2026-02-09,2026-02-12,,,2026-02-25 13:58:27.109314+00,2026-02-25 14:16:30.753504+00
1401,75,1393,Coordinador 2,1,12,,2026-02-09,2026-02-12,,,2026-02-25 14:00:12.865918+00,2026-02-27 01:47:57.35884+00
1404,75,1393,Coordinador 3,1,12,,2026-02-09,2026-02-12,,,2026-02-25 22:36:46.818602+00,2026-02-27 01:48:04.267363+00
1100,76,,No permite realizar ventas,1,14,,,,,,2026-01-18 21:21:32.899456+00,2026-02-10 21:36:35.210416+00
1101,76,,Anulación de comprobante,1,12,,2026-01-26,2026-01-30,,,2026-01-18 21:21:57.486924+00,2026-02-10 21:34:34.561746+00
1112,76,,Ventas PAP,1,14,,,,,,2026-01-19 22:08:52.290662+00,2026-02-10 21:36:24.409526+00
1113,76,,Inventario Apertura o Cierre,1,14,,,,,,2026-01-19 22:09:33.100253+00,2026-02-10 21:35:49.699243+00
1118,76,,Tablespace controlar las notificaciones,1,12,,2026-01-19,2026-01-19,,,2026-01-20 14:07:38.001854+00,2026-01-21 16:19:56.708269+00
1127,76,,Error anulación DC,1,12,,2026-01-20,2026-01-22,,,2026-01-21 14:04:45.18768+00,2026-01-26 13:30:47.196903+00
1141,76,1101,Solicitud de NC con 2 comprobantes afecto y inafecto,1,12,,2026-01-26,2026-01-28,,,2026-01-26 15:13:12.695202+00,2026-02-10 21:32:13.195193+00
1142,76,1101,NC con afecto y inafecto error en devolución Agora QR,1,12,,2026-01-26,2026-01-28,,,2026-01-26 15:15:11.608458+00,2026-02-10 21:30:50.184974+00
1143,76,1101,Error anulación pedidos convenios,1,12,,2026-01-30,2026-01-30,,,2026-01-26 15:15:49.70918+00,2026-02-10 21:32:26.912452+00
1144,76,1101,Error en anulación no selecciono todos los items,1,12,,2026-01-28,2026-01-28,,,2026-01-26 15:16:07.10532+00,2026-02-10 21:32:18.500073+00
1162,76,,Error al redimir puntos [ F9 ],1,12,,2026-01-27,2026-01-27,,,2026-01-27 19:45:47.213669+00,2026-01-27 19:46:52.591807+00
1202,76,,Nota de Crédito Matriz - Anular Solicitud,1,12,,2026-02-05,2026-02-09,,,2026-02-10 21:29:33.701693+00,2026-02-10 21:30:42.297626+00
1203,76,,DC - Anular Pedido Multimarca,1,12,,2026-02-02,2026-02-05,,,2026-02-10 21:33:26.090189+00,2026-02-10 21:34:08.321559+00
1204,76,,[POSU] Módulo de Descartes,1,7,,2026-02-10,2026-02-12,,,2026-02-10 21:35:02.500787+00,2026-02-10 21:35:23.970251+00
1357,76,,[LAUNCHER] Preparar las carpetas de forma local ,1,12,,2026-02-19,2026-02-20,,,2026-02-20 21:47:23.750429+00,2026-05-08 14:19:42.815179+00
2127,76,,Reducción de Tickets y Llamadas,1,1,,,,,,2026-05-08 15:22:23.349672+00,2026-05-08 15:26:09.086533+00
2128,76,2127,Activaciones,1,1,,,,,,2026-05-08 15:23:46.569221+00,2026-05-08 15:24:52.310126+00
2129,76,2127,Nuevas Implementaciones,1,1,,,,,,2026-05-08 15:24:28.496637+00,2026-05-08 15:26:25.654935+00
2130,76,2128,Activar el nuevo modulo de mantenimiento de usuario,1,1,,,,,,2026-05-08 15:24:52.234189+00,2026-05-08 15:24:52.358769+00
2131,76,2128,Activar el nuevo modulo de administrador semanal,1,1,,,,,,2026-05-08 15:25:04.508929+00,2026-05-08 15:25:04.620224+00
2132,76,2129,Eliminar el archlog tarea programada,1,1,,,,,,2026-05-08 15:26:25.592529+00,2026-05-08 15:26:25.696716+00
2133,76,2129,Quitar el .log de la clase PosuHwInfoPcCollector,1,1,,,,,,2026-05-08 15:26:35.493392+00,2026-05-08 15:26:35.574905+00
2134,76,2129,Corregir modulo de info PC,1,1,,,,,,2026-05-08 15:26:44.231546+00,2026-05-08 15:26:44.3613+00
2135,76,2129,Limpiar la cola de impresión al iniciar sesión,1,1,,,,,,2026-05-08 15:26:52.368174+00,2026-05-08 15:26:52.458494+00
2136,76,2129,Una sola opción para crear usuario y asignar caja,1,1,,,,,,2026-05-08 15:27:00.013891+00,2026-05-08 15:27:00.093345+00
2137,76,2129,Resolución de pantalla - config en automático,1,1,,,,,,2026-05-08 15:27:08.277532+00,2026-05-08 15:27:08.345361+00
2138,76,2129,Reestablecer la contraseña desde el login,1,1,,,,,,2026-05-08 15:27:23.424931+00,2026-05-08 15:27:23.559834+00
2139,76,2129,Si no existe el registros en la ce_mae_trab del local buscar en apps y insertarlo localmente,1,1,,,,,,2026-05-08 15:27:34.266344+00,2026-05-08 15:27:34.367068+00
2140,76,2129,Mantenimiento del indicador de alerta y servicio localhost config desde el posu para el químico,1,1,,,,,,2026-05-08 15:27:48.848677+00,2026-05-08 15:27:48.94999+00
2141,76,2129,"Cambios que se realicen en la pbl_local desde el posu tambien se debe realizar en el RAC, para que el viajero no lo restablezca  al día siguiente",1,1,,,,,,2026-05-08 15:27:58.188324+00,2026-05-08 15:27:58.268511+00
2142,76,2128,Activar la mejora en el cobro con json,1,1,,,,,,2026-05-08 15:28:11.451849+00,2026-05-08 15:30:10.119176+00
2143,76,2128,Activar el apagado automático,1,1,,,,,,2026-05-08 15:28:20.904251+00,2026-05-08 15:28:20.992833+00
2144,76,2129,Actualizar a 12gb el espacio en bd para tablespace y mejora con el cod posu al crear GLPI,1,1,,,,,,2026-05-08 15:28:41.505222+00,2026-05-08 15:28:41.584689+00
2145,76,2129,Colocar la IP_PC en la tabla RCD_RECAUDACION_CAB,1,1,,,,,,2026-05-08 15:28:49.393794+00,2026-05-08 15:28:49.484457+00
2146,76,2129,"Ticket adicional en pago con tarjeta indicador no existe, valor incorrecto",1,1,,,,,,2026-05-08 15:28:58.182173+00,2026-05-08 15:28:58.274525+00
2147,76,2129,Reducir el voucher de impresión de pago con tarjeta,1,1,,,,,,2026-05-08 15:29:09.046593+00,2026-05-08 15:29:09.139744+00
2148,76,2129,Categorización automática de tickets para mesa de ayuda,1,1,,,,,,2026-05-08 15:29:20.276618+00,2026-05-08 15:29:20.409211+00
2149,76,2129,Comunicación de masivos al local,1,1,,,,,,2026-05-08 15:29:27.716906+00,2026-05-08 15:29:27.813248+00
2150,76,2129,Reinicio de servicio APEX,1,1,,,,,,2026-05-08 15:29:35.120335+00,2026-05-08 15:29:35.201092+00
2151,76,2129,Incremento recurrente de tickets al inicio de mes.,1,1,,,,,,2026-05-08 15:29:44.141861+00,2026-05-08 15:29:44.248848+00
2152,76,2129,Atención al cliente solicita cierto datos por un reclamo (plataforma dedicada para reclamos),1,1,,,,,,2026-05-08 15:29:51.23786+00,2026-05-08 15:29:51.329041+00
2153,76,2128,Activar Launcher,1,1,,,,,,2026-05-08 15:30:29.245075+00,2026-05-08 15:30:29.318798+00
1103,77,,Migración daemon liquidaciones con spring batch,1,12,,2026-01-20,2026-01-27,,,2026-01-18 21:28:47.50752+00,2026-02-10 21:37:18.832625+00
1104,77,,Creación del laucher,1,12,,2026-02-03,2026-03-04,,,2026-01-18 21:29:01.208166+00,2026-05-08 14:13:31.604959+00
1128,77,,Mantenimiento CMP Médico,1,14,,,,,,2026-01-21 16:01:02.003137+00,2026-02-10 21:37:40.177689+00
1159,77,,[MIA] Mostrar ingreso cantidad con pack,1,12,,2026-01-19,2026-01-21,,,2026-01-27 18:40:16.582061+00,2026-01-27 18:42:04.397249+00
1205,77,,[POSU] Implementación de emisión combinada de comprobantes (empresa y beneficiario),1,12,,2026-02-04,2026-02-06,,,2026-02-10 21:39:47.111377+00,2026-02-10 21:39:47.455623+00
1209,77,1104,1- Levantamiento de requerimientos funcionales y no funcionales,1,12,,2026-02-03,2026-02-04,,,2026-02-10 21:45:28.651622+00,2026-02-10 22:04:58.703029+00
1210,77,1104,2- Análisis y selección del lenguaje de programación,1,12,,2026-02-05,2026-02-05,,,2026-02-10 21:45:51.675196+00,2026-02-10 22:05:51.508675+00
1211,77,1104,3- Definición de la arquitectura del launcher,1,12,,2026-02-06,2026-02-06,,,2026-02-10 21:46:10.840024+00,2026-02-10 22:05:56.396902+00
1212,77,1104,4- Diseño del mecanismo de gestión de versiones,1,12,,2026-02-09,2026-02-12,,,2026-02-10 21:46:25.176306+00,2026-05-08 14:13:58.810839+00
1213,77,1104,5- Diseño del esquema de verificación por hash,1,12,,2026-02-13,2026-02-16,,,2026-02-10 21:46:38.99904+00,2026-05-08 14:16:16.857905+00
1214,77,1104,6- Implementación de lectura y cálculo de hash de archivos .jar,1,12,,2026-02-16,2026-02-17,,,2026-02-10 21:46:56.60131+00,2026-05-08 14:16:33.680587+00
1215,77,1104,7- Implementación del proceso de copia y reemplazo de .jar,1,12,,2026-02-17,2026-02-19,,,2026-02-10 21:47:15.176741+00,2026-05-08 14:16:55.364259+00
1216,77,1104,8- Gestión de configuraciones y parámetros del launcher,1,12,,2026-02-19,2026-02-20,,,2026-02-10 21:47:31.530941+00,2026-05-08 14:17:08.276169+00
1217,77,1104,"9- Manejo de errores, logs y mensajes al usuario",1,12,,2026-02-23,2026-02-24,,,2026-02-10 21:47:47.407389+00,2026-05-08 14:17:25.893822+00
1218,77,1104,"10- Pruebas, empaquetado y distribución del launcher",1,12,,2026-02-24,2026-02-27,,,2026-02-10 22:04:19.584786+00,2026-05-08 14:17:48.57573+00
1340,77,,Bloqueo de caja cobro en simultaneo mismo usuario,1,12,,2026-02-12,2026-02-13,,,2026-02-16 14:47:56.316881+00,2026-02-16 14:48:52.209694+00
1377,77,,CONVENIO - Vista productos comprobante servicio copago,1,7,,2026-02-23,2026-02-23,,,2026-02-24 14:10:21.240109+00,2026-02-24 14:11:11.220664+00
1394,77,,[POSU] Encriptar DNI_RENIEC,1,12,,2026-02-24,2026-02-27,,,2026-02-24 17:15:44.876807+00,2026-05-08 14:13:49.817073+00
1395,77,,[POSU-PDA] Revisar los casos frecuentes en soporte locales,1,7,,2026-02-24,2026-02-27,,,2026-02-24 17:17:39.378909+00,2026-02-24 20:07:23.984856+00
1402,77,1104,12- Certificación QA,1,14,,2026-02-27,2026-03-04,,,2026-02-25 14:12:26.032354+00,2026-05-08 14:13:22.495859+00
1403,77,1104,11- Capacitación Team Despliegues,1,12,,2026-02-25,2026-02-26,,,2026-02-25 14:13:09.635725+00,2026-05-08 14:14:08.36897+00
2106,77,,1832437 - BUG EN CONTEO WEB DE INVENTARIO,1,12,,2026-05-04,2026-05-06,,,2026-05-08 14:35:54.207751+00,2026-05-08 14:42:08.671579+00
2107,77,,1870490 - CAMBIO EN EL MENSAJE MOSTRADO DE LA WEB DE INVENTARIO,1,7,,2026-05-04,2026-05-06,,,2026-05-08 14:35:58.663325+00,2026-05-08 14:42:45.755321+00
2108,77,,1843296 - PEDIDO PASO A ANULADO NO COBRADO,1,12,,2026-05-04,2026-05-05,,,2026-05-08 14:36:11.700027+00,2026-05-08 14:42:16.066949+00
2109,77,,1847699 - ERROR AL ANULAR PEDIDOS CON IGV Y SIN IGV JUNTOS,1,12,,2026-05-04,2026-05-06,,,2026-05-08 14:36:20.256728+00,2026-05-08 14:42:20.827037+00
2110,77,,1849291 - ERROR DE TOTALES DE FORMAS DE PAGO  Y CABECERA NO COINCIDEN,1,12,,2026-05-04,2026-05-07,,,2026-05-08 14:36:30.376637+00,2026-05-08 14:42:24.979701+00
2111,77,,1849400 - ERROR EN GENERACION DE NC,1,12,,2026-05-04,2026-05-06,,,2026-05-08 14:36:40.321667+00,2026-05-08 14:42:30.927853+00
2112,77,,ACTUALIZAR SESIÓN POSU ACTIVO,1,12,,2026-05-04,2026-05-07,,,2026-05-08 14:37:34.342487+00,2026-05-08 14:42:36.410504+00
2113,77,,IMPLEMENTACIÓN DE SERVICIO SOCKET PARA DESCARGA REMOTA DE LOGS,1,7,,2026-04-23,2026-05-12,,,2026-05-08 14:43:33.609272+00,2026-05-08 15:00:32.653111+00
2114,77,2113,1. Levantamiento de requerimientos funcionales del socket de logs,1,12,,2026-04-23,2026-04-23,,,2026-05-08 14:47:47.148533+00,2026-05-08 14:59:16.464475+00
2115,77,2113,2. Configuración del puerto y ciclo de vida del socket al iniciar la aplicación,1,12,,2026-04-24,2026-04-24,,,2026-05-08 14:48:26.4499+00,2026-05-08 14:59:20.744979+00
2116,77,2113,3. Implementación del servidor socket TCP en Java 17,1,12,,2026-04-27,2026-04-28,,,2026-05-08 14:48:38.117854+00,2026-05-08 14:59:25.052756+00
2117,77,2113,4. Implementación de manejo de múltiples conexiones concurrentes,1,12,,2026-04-28,2026-04-29,,,2026-05-08 14:48:51.737255+00,2026-05-08 14:59:29.989839+00
2118,77,2113,5. Implementación de autenticación y validación básica de clientes,1,12,,2026-04-29,2026-04-30,,,2026-05-08 14:49:02.787018+00,2026-05-08 14:59:38.337771+00
2119,77,2113,6. Desarrollo de descarga de log del día actual,1,12,,2026-04-30,2026-05-04,,,2026-05-08 14:49:14.011778+00,2026-05-08 14:59:45.298447+00
2120,77,2113,7. Desarrollo de descarga de últimas N líneas del log,1,12,,2026-05-04,2026-05-05,,,2026-05-08 14:49:24.715805+00,2026-05-08 14:59:52.802018+00
2121,77,2113,8. Desarrollo de descarga de logs por rango o fecha específica,1,12,,2026-05-05,2026-05-06,,,2026-05-08 14:49:36.093538+00,2026-05-08 15:00:04.126756+00
2122,77,2113,9. Implementación de validaciones de parámetros y manejo de errores,1,12,,2026-05-06,2026-05-06,,,2026-05-08 14:49:47.190773+00,2026-05-08 15:00:13.134383+00
2123,77,2113,10. Implementación de compresión y transferencia eficiente de archivos log,1,12,,2026-05-07,2026-05-07,,,2026-05-08 14:49:59.368137+00,2026-05-08 15:00:21.870068+00
2125,77,2113,"11. Pruebas unitarias, pruebas integrales y documentación técnica del servicio",1,7,,2026-05-08,2026-05-12,,,2026-05-08 14:50:22.924399+00,2026-05-08 15:00:27.071612+00
1132,78,,[Pruebas RET] [MINI DC],4,12,,2026-01-21,2026-01-23,,,2026-01-26 13:14:18.284326+00,2026-01-26 13:17:47.201066+00
1133,78,1132,[RET] Pruebas en locales INKA y MIFA,1,12,,2026-01-21,2026-01-23,,,2026-01-26 13:14:45.71214+00,2026-01-26 13:17:51.202003+00
1134,78,1132,[RAD]Pruebas Mini DC,1,12,,2026-01-23,2026-01-23,,,2026-01-26 13:16:01.498595+00,2026-01-26 13:17:55.298947+00
1137,78,,[Validar con Operaciones y Cuadratura],4,7,,2026-01-26,2026-03-17,,,2026-01-26 13:55:55.805598+00,2026-03-09 15:18:56.006435+00
1138,78,1137,[Validar Operaciones RET y Mini DC],1,12,,2026-01-26,2026-01-27,,,2026-01-26 13:56:21.988196+00,2026-02-10 21:39:44.122999+00
1139,78,1137,[Mini DC] Validar costo 0,1,12,,2026-02-11,2026-02-13,,,2026-01-26 13:57:11.699656+00,2026-02-16 14:11:52.29774+00
1223,78,1137,[Motorizado] Esperar el Cambio de BBR para el DNI del Motorizado,1,12,,2026-03-17,,,,2026-02-10 22:18:58.187207+00,2026-03-30 12:27:58.905099+00
1224,78,1137,[Correccion Integracion] Migración registros NC a IRS,1,1,,2026-03-17,,,,2026-02-10 22:26:48.680313+00,2026-03-09 15:20:47.329541+00
1360,78,1137,[Actualizacion SO Windows 7],1,13,,,,,,2026-02-23 13:47:25.801683+00,2026-03-19 13:45:55.531242+00
1649,78,,Actualización texto de RET a REB (Retiro en Botica),1,12,,2026-03-11,2026-03-11,,,2026-03-09 15:16:52.525098+00,2026-03-12 17:57:35.722209+00
1650,78,,Inclusión del Local origen en la boleta de venta,1,12,,2026-03-11,2026-03-11,,,2026-03-09 15:17:15.728921+00,2026-03-12 17:57:18.642973+00
1737,78,,[Migracion] Windows 7 to Windows 10 u 11,1,12,,2026-03-12,2026-03-18,,,2026-03-12 17:55:14.323481+00,2026-03-19 13:45:39.554373+00
1867,78,,[PRE Despliegue] Venta Omnicanal,4,1,,2026-03-23,2026-03-31,,,2026-03-23 14:04:13.979611+00,2026-03-30 12:28:58.23666+00
1868,78,1867,HU 221535_[VENTA OMNICANAL] Actualización texto de RET a Retiro en Botica (REB),1,12,,2026-03-23,2026-03-24,,,2026-03-23 14:04:30.526244+00,2026-03-24 19:50:48.473711+00
1869,78,1867,HU 221546_[VENTA OMNICANAL] Inclusión de Terminos y condiciones - Venta Omnicanal (Cambios y devoluciones),1,1,,,,,,2026-03-23 14:04:59.20265+00,2026-03-27 19:45:10.66392+00
1870,78,1867,HU 153619_OMNI] Trabajar reporte centralizado ventas/anulaciones y reporte de ventas,1,1,,,,,,2026-03-23 14:05:15.604246+00,2026-03-23 14:05:15.686444+00
1871,78,1867,HU 224265_[Venta Omnicanal] Integración Venta Omnicanal con Modulo Delivery (IRS)_Evertec,1,7,,2026-03-25,2026-03-27,,,2026-03-23 14:05:28.916833+00,2026-03-25 13:30:34.583505+00
1876,78,1867,[Venta Omnicanal]_Cambio de marca SIP,1,12,,2026-03-25,2026-03-26,,,2026-03-23 23:23:22.9484+00,2026-03-27 19:43:49.678639+00
1924,78,1867,Pase a QA,1,12,,2026-03-27,2026-03-27,,,2026-03-27 19:44:25.122571+00,2026-03-30 12:28:14.513912+00
1926,78,1867,[Pruebas QA],1,7,,2026-03-30,2026-03-31,,,2026-03-30 12:28:38.390998+00,2026-03-30 12:28:58.181626+00
1140,79,,[Revision de Casos],4,12,,2026-01-27,2026-02-17,,,2026-01-26 14:01:24.986421+00,2026-02-25 13:26:38.502208+00
1152,79,1140,[DATA] Revision de Pedidos con una sola forma de pago,1,12,,2026-01-27,2026-01-27,,,2026-01-27 13:34:00.597426+00,2026-01-30 21:24:37.41069+00
1156,79,1140,[DATA] Clasificar pedidos que tiene mas de una forma de pago,1,12,,2026-02-09,2026-02-17,,,2026-01-27 13:38:41.100254+00,2026-02-10 22:12:30.65674+00
1157,79,,[Automatizar los Casos Anulacion],4,12,,2026-02-09,2026-02-26,,,2026-01-27 13:39:33.000126+00,2026-03-02 13:18:56.824666+00
1220,79,1157,[Funcion] Pedidos con forma de pago unica,1,12,,2026-02-09,2026-02-11,,,2026-02-10 22:11:13.032106+00,2026-02-24 13:44:09.415002+00
1221,79,1157,[Reporte] Reporte de Ventas Anuladas,1,12,,2026-02-09,2026-02-17,,,2026-02-10 22:13:17.85786+00,2026-02-24 13:36:42.309547+00
1222,79,,[Regularizar los Casos Ventas],4,12,,2026-02-19,2026-02-26,,,2026-02-10 22:14:01.419733+00,2026-03-02 13:19:42.548728+00
1364,79,1222,[Validar Pedidos] Validar los casos de Venta,1,12,,2026-02-19,2026-02-20,,,2026-02-24 13:41:56.017778+00,2026-02-24 13:42:48.722662+00
1365,79,1222,[Funcion] Regularizar Ventas,1,12,,2026-02-24,2026-02-25,,,2026-02-24 13:43:29.397389+00,2026-03-02 13:19:19.593746+00
1366,79,1157,[Puntos] Validar Puntos,1,12,,2026-02-26,2026-02-26,,,2026-02-24 13:44:50.857777+00,2026-03-02 13:19:03.29628+00
1367,79,1222,[Puntos] Validar Puntos,1,12,,2026-02-26,2026-02-26,,,2026-02-24 13:45:07.052689+00,2026-03-02 13:19:24.498251+00
1375,79,,[Pruebas Implementacion],4,12,,2026-02-27,2026-03-03,,,2026-02-24 13:58:12.621323+00,2026-03-12 17:37:26.270745+00
1396,79,,[Despliegue],4,13,,2026-03-04,2026-03-06,,,2026-02-25 13:27:08.001623+00,2026-03-12 17:37:39.514348+00
1167,81,,Proyecto Ticket resumido V1,4,12,,2026-02-03,2026-02-16,,,2026-02-03 00:13:18.735482+00,2026-03-17 14:10:49.450679+00
1168,81,1167,Impresión de ticket de venta resumida,6,12,,2026-02-03,2026-02-04,,,2026-02-03 00:15:15.978693+00,2026-02-11 12:28:56.960548+00
1169,81,1167,ReImpresión de la representación visual del comprobante,6,12,,2026-02-03,2026-02-09,,,2026-02-03 00:15:21.577644+00,2026-02-11 12:36:02.730473+00
1170,81,1167,Impresión de Notas de crédito a partir del ticket resumido,6,12,,2026-02-05,2026-02-10,,,2026-02-03 00:15:34.044783+00,2026-02-11 12:35:26.940462+00
1171,81,1167,Consulta del comprobante electrónico,6,12,,2026-02-03,2026-02-10,,,2026-02-03 00:15:43.314727+00,2026-02-11 12:36:02.697675+00
1172,81,1168,Funcion que devuelva la plantilla de impresion,1,12,,2026-02-03,2026-02-04,,,2026-02-03 00:18:36.878722+00,2026-02-11 12:29:02.216394+00
1173,81,1170,Cargar datos para la NC desde el codigo QR,1,12,,2026-02-09,2026-02-10,,,2026-02-03 00:19:29.658043+00,2026-02-11 12:35:26.880686+00
1174,81,1171,Modificar Web de consultas de CE para visualizar datos precargados,1,12,,2026-02-03,2026-02-03,,,2026-02-03 00:20:29.250439+00,2026-02-04 14:26:04.681082+00
1175,81,1168,Lógica de configuracion para incluir/excluir flujos que imprimiran el nuevo ticket,1,12,,2026-02-03,2026-02-03,,,2026-02-03 00:31:53.274599+00,2026-02-04 14:24:41.964938+00
1176,81,1171,Funcion para obtener URL's completas por configuracion en BD (con variables dinamicas),1,12,,2026-02-10,2026-02-10,,,2026-02-03 00:34:03.534906+00,2026-02-11 12:36:02.668915+00
1177,81,1170,Consumo de logica para obtener objeto cargado por lectura de QR,1,12,,2026-02-05,2026-02-05,,,2026-02-03 00:35:03.935338+00,2026-02-11 12:29:35.975938+00
1178,81,1169,Configuracion y Funcion para validacion de tiempo de expiracion y cantidad de impresiones,1,12,,2026-02-09,2026-02-09,,,2026-02-03 00:38:36.823069+00,2026-02-11 12:36:02.5803+00
1179,81,1169,Lógica para leer QR (convertir QR a objeto),1,12,,2026-02-03,2026-02-04,,,2026-02-03 00:41:11.999139+00,2026-02-04 14:25:25.345339+00
1180,81,1167,Pruebas integrales de desarrollo,3,12,,2026-02-11,2026-02-11,,,2026-02-03 01:09:31.557907+00,2026-02-11 12:36:02.78694+00
1181,81,1180,Creación de CDP,1,12,,2026-02-11,2026-02-11,,,2026-02-03 01:10:31.585075+00,2026-02-11 12:36:02.759445+00
1182,81,1180,Ejecución de CDP,1,12,,2026-02-11,2026-02-11,,,2026-02-03 01:20:36.852823+00,2026-02-11 12:35:26.963458+00
1183,81,1167,Pruebas QA,3,12,,2026-02-11,2026-02-16,,,2026-02-03 01:22:33.765635+00,2026-03-02 15:25:14.805262+00
1184,81,,Despliegue a producción,3,12,,2026-02-09,2026-02-13,,,2026-02-03 01:22:52.730992+00,2026-03-17 14:11:25.553206+00
1185,81,1183,Soporte QA,1,12,,2026-02-11,2026-02-16,,,2026-02-03 01:25:20.147647+00,2026-03-02 15:25:09.204415+00
1186,81,1169,Funcion y configuracion para devolver mensajes personalizados de validaciones,1,12,,2026-02-03,2026-02-03,,,2026-02-03 13:03:00.316645+00,2026-02-04 14:25:37.866686+00
1191,81,1169,Invocar/crear lógica para consumir impresión de comprobantes,1,12,,2026-02-04,2026-02-04,,,2026-02-03 13:43:14.177959+00,2026-02-11 12:29:11.442483+00
1193,81,1168,Invocar/crear lógica para invocar funcion de plantilla de impresion completa o resumida,1,12,,2026-02-04,2026-02-04,,,2026-02-04 00:47:32.255007+00,2026-02-11 12:28:46.862212+00
1321,81,,Actividades Adicionales,3,12,,2026-02-09,2026-02-11,,,2026-02-11 12:31:55.269589+00,2026-03-17 14:10:56.171602+00
1322,81,1321,Ticket resumido para facturas,1,12,,2026-02-09,2026-02-10,,,2026-02-11 12:33:52.626518+00,2026-02-11 12:36:24.969363+00
1323,81,1321,Ticket resumido para notas de credito,1,12,,2026-02-10,2026-02-11,,,2026-02-11 12:34:02.870841+00,2026-03-02 15:25:28.02676+00
1324,81,1321,"Configuracion dinámica por marca, tipo de local y tipo de comprobante",1,12,,2026-02-09,2026-02-10,,,2026-02-11 12:37:27.994878+00,2026-02-11 12:38:01.180565+00
1415,81,,Actividades adicionales - Fase 2,4,12,,2026-02-25,2026-03-04,,,2026-03-02 15:32:17.826095+00,2026-03-17 14:11:31.905805+00
1416,81,1432,Diseño de impresiones para TSC (Sticker),1,12,,2026-03-03,2026-03-03,,,2026-03-02 15:33:02.493782+00,2026-03-17 14:11:47.452081+00
1420,81,1432,Diseño de impresiones para TSC (Carton),1,12,,2026-03-02,2026-03-02,,,2026-03-03 13:19:07.525068+00,2026-03-03 13:53:52.344063+00
1421,81,1432,Diseño de impresiones para Zebra (Carton) - Regular,1,12,,2026-03-03,2026-03-04,,,2026-03-03 13:19:17.192539+00,2026-03-17 14:11:53.58871+00
1422,81,1432,Diseño de impresiones para Zebra (Carton) - Promocional,1,12,,2026-03-03,2026-03-04,,,2026-03-03 13:19:37.247354+00,2026-03-17 14:11:59.39683+00
1423,81,1432,Diseño de impresiones para POS-D (Carton) - Regular,1,12,,2026-03-03,2026-03-04,,,2026-03-03 13:20:07.091275+00,2026-03-17 14:12:04.041482+00
1424,81,1432,Diseño de impresiones para POS-D (Carton) - Promocional,1,12,,2026-03-03,2026-03-04,,,2026-03-03 13:20:16.169551+00,2026-03-17 14:12:09.895105+00
1425,81,1432,Conteo en alerta por cambio de precios por promociones de productos en las 3 categorias,1,12,,2026-03-03,2026-03-04,,,2026-03-03 13:22:06.189534+00,2026-03-17 14:12:18.621003+00
1426,81,1432,Modificacion de texto en alerta de contador de pantalla principal,1,12,,2026-02-25,2026-02-27,,,2026-03-03 13:22:15.974913+00,2026-03-03 13:49:49.162372+00
1427,81,1432,Alerta para imprimir productos que no estan en las 3 categorias,1,12,,2026-02-25,2026-02-27,,,2026-03-03 13:22:27.49072+00,2026-03-03 13:50:05.873643+00
1428,81,1432,Modificacion de mensaje por Impresora no Disponible al ingresar al modulo,1,12,,2026-03-02,2026-03-02,,,2026-03-03 13:23:01.744564+00,2026-03-03 13:50:41.40657+00
1429,81,1432,Modificacion de mensaje por Impresora no Disponible al dar [F11] Imprimir,1,12,,2026-02-27,2026-03-02,,,2026-03-03 13:23:18.852397+00,2026-03-03 13:50:26.544903+00
1430,81,1432,Pintar a blanco solo cuando se imprimió exitosamente,1,12,,2026-03-02,2026-03-02,,,2026-03-03 13:23:29.159557+00,2026-03-03 13:50:50.382364+00
1431,81,1432,Mejora en limpieza y filtrado de campos en modulo de precios,1,12,,2026-03-03,2026-03-03,,,2026-03-03 13:23:39.105794+00,2026-03-17 14:12:24.003194+00
1432,81,1415,Desarrollo,3,12,,2026-02-25,2026-03-04,,,2026-03-03 13:23:49.091934+00,2026-03-17 14:11:37.073651+00
1433,81,1432,Mejora en control de foco por uso de mouse y teclado en paralelo,1,12,,2026-03-04,2026-03-04,,,2026-03-03 13:38:53.254719+00,2026-03-17 14:12:34.240008+00
1434,81,,Gestión de recursos,3,1,,2026-02-02,2026-03-06,,,2026-03-03 13:42:07.232897+00,2026-03-03 13:57:14.928349+00
1435,81,1434,Soporte a pruebas de impresoras POS-D por el proveedor,1,7,,2026-02-02,2026-03-06,,,2026-03-03 13:42:23.819613+00,2026-03-03 13:57:14.885851+00
1436,81,1434,Despliegue de impresoras POS-D,1,1,,,,,,2026-03-03 13:43:54.519064+00,2026-03-03 13:44:19.987353+00
1437,81,1434,Despliegue de rollos de carton,1,1,,,,,,2026-03-03 13:44:05.619186+00,2026-03-03 13:44:40.648317+00
1438,81,,Soporte a pruebas de rollos de carton,1,1,,,,,,2026-03-03 13:57:41.147957+00,2026-03-03 13:57:41.204341+00
1226,83,,Tomador de pedidos,5,1,,2025-12-29,2026-02-26,,,2026-02-11 02:00:18.666948+00,2026-02-25 13:29:58.596341+00
1227,83,1226,Precios,4,1,,2025-12-29,2026-02-26,,,2026-02-11 02:01:04.797209+00,2026-02-25 13:29:58.574026+00
1228,83,1227,[abax-pricing] Mejor precio centralizado,6,1,,2025-12-29,2026-02-26,,,2026-02-11 02:02:41.997816+00,2026-02-25 13:29:58.536576+00
1229,83,1228,Refactorización mejor precio centralizado,3,12,,2025-12-29,2026-01-30,270,100,2026-02-11 02:04:47.235705+00,2026-02-11 02:26:27.28114+00
1230,83,1228,Pruebas unitarias,3,12,,2026-02-02,2026-02-06,,,2026-02-11 02:05:23.157459+00,2026-02-11 02:26:35.571611+00
1231,83,1228,Pruebas de regresion vanttive,3,12,,2026-02-09,2026-02-11,,,2026-02-11 02:05:42.774971+00,2026-02-16 14:08:49.775311+00
1232,83,,Convenio,5,1,,2026-02-09,2026-03-05,,,2026-02-11 02:11:30.980492+00,2026-02-25 13:27:25.457028+00
1233,83,1232,Posu,4,1,,2026-02-09,2026-03-05,,,2026-02-11 02:12:22.213543+00,2026-02-25 13:27:25.431409+00
1234,83,1233,[Convenio Pacifico] - Creación de microservicio Exp.,6,12,,2026-02-09,2026-02-13,,,2026-02-11 02:14:12.372809+00,2026-02-25 13:28:06.941222+00
1235,83,1233,[convenio Pacifico] Cliente pacifico en Srv. Intg. Iafa ,6,12,,2026-02-09,2026-02-13,,,2026-02-11 02:16:31.808123+00,2026-02-25 13:28:12.07424+00
1236,83,1233,[Convenio Pacifico] Pruebas unitarias,3,12,,2026-02-16,2026-02-24,,,2026-02-11 02:20:19.803861+00,2026-02-25 13:27:55.610759+00
1237,83,1233,[Convenio Rimac] Creación microservicio Exp.,6,12,,2026-02-09,2026-02-13,,,2026-02-11 02:28:47.175025+00,2026-02-25 13:28:16.842804+00
1238,83,1233,[Convenio Rimac] Cliente rimac en Serv. Intg. IAFA,6,12,,2026-02-09,2026-02-13,,,2026-02-11 02:31:35.826167+00,2026-02-25 13:28:28.523655+00
1239,83,1233,[Convenio Rimac] Pruebas unitarias,3,12,,2026-02-16,2026-02-20,,,2026-02-11 02:34:48.524111+00,2026-02-25 13:28:01.348818+00
1240,83,1233,Certificación QA,3,12,,2026-02-25,2026-03-05,,,2026-02-11 02:36:03.967693+00,2026-03-09 21:09:25.439326+00
1338,83,1228,Pruebas unitarias limite ahorro mes,3,12,,2026-02-12,2026-02-13,,,2026-02-16 14:09:39.366874+00,2026-02-16 14:10:34.374708+00
1339,83,1228,Pruebas unitarias limite por dia y venta por FP,3,12,,2026-02-16,2026-02-16,,,2026-02-16 14:11:27.00975+00,2026-02-24 14:27:52.975798+00
1380,83,1228,Optimizacion performance,3,12,,2026-02-19,2026-02-24,,,2026-02-24 14:28:25.38489+00,2026-02-25 13:28:23.539528+00
1397,83,1228,Gestionar despliegue en on premise,1,12,,2026-02-25,2026-02-26,,,2026-02-25 13:29:30.506249+00,2026-03-04 21:01:53.221125+00
1241,84,,Viajeros,3,12,,2026-01-19,2026-02-26,,,2026-02-11 03:24:44.978834+00,2026-03-02 13:26:20.502489+00
1242,84,,Supply te Ayuda Inteligente,3,7,,2026-02-11,2026-05-05,,100,2026-02-11 03:24:45.478475+00,2026-05-04 13:05:06.921887+00
1243,84,,Reproceso de PMM - Julio Oliva,3,12,,2026-01-20,2026-03-23,,,2026-02-11 03:24:45.738871+00,2026-03-23 13:15:46.747009+00
1244,84,,Envío de correo de confirmación de recibo de equipos,3,12,,2026-01-26,2026-02-23,,,2026-02-11 03:24:45.903993+00,2026-02-23 13:05:24.219921+00
1246,84,,Atención a Boticas,3,12,,2026-02-11,2026-02-27,,,2026-02-11 03:24:45.965982+00,2026-03-09 16:59:43.360595+00
1247,84,1242,Chatbot IA: Integración GLPI - En proceso de integración,1,12,,2026-02-11,2026-03-06,,,2026-02-11 03:24:46.687463+00,2026-03-12 17:19:43.250104+00
1249,84,,Pases a producción,3,12,,,,,,2026-02-11 03:24:47.123035+00,2026-03-12 17:37:51.395947+00
1262,84,1241,Hito: Implementación final Viajeros DBA,2,12,,2026-02-20,2026-02-20,,,2026-02-11 03:25:53.730908+00,2026-02-23 12:58:31.121856+00
1327,84,1241,Viajeros - En desarrollo,1,12,,2026-01-19,2026-02-09,,,2026-02-11 12:46:20.547599+00,2026-02-18 14:19:09.978743+00
1328,84,1241,Viajeros - Despliegue,1,12,,2026-02-10,2026-02-13,,100,2026-02-11 12:46:20.551444+00,2026-02-23 12:51:31.884467+00
1329,84,1243,Reproceso de PMM - Pruebas,1,12,,2026-02-12,2026-02-13,,100,2026-02-11 12:48:19.481981+00,2026-02-23 13:04:42.494906+00
1330,84,1243,Reproceso de PMM - Desarrollo,1,12,,2026-01-20,2026-02-11,,100,2026-02-11 12:48:19.4811+00,2026-02-23 13:04:42.86695+00
1331,84,1244,Envío de correo - Compilación de mejoras,1,12,,2026-02-03,2026-02-16,,100,2026-02-11 12:51:35.77381+00,2026-02-23 13:04:42.34621+00
1332,84,1244,Envío de correo - Desarrollo,1,12,,2026-01-26,2026-02-02,,100,2026-02-11 12:51:35.814784+00,2026-02-23 13:04:42.383564+00
1333,84,1244,Envío de correo - Aplicación de mejoras,1,12,,2026-02-16,2026-02-23,,100,2026-02-11 12:51:36.155521+00,2026-02-23 13:04:42.455346+00
1337,84,1241,Creación de Menu Web para reejecución de Viajeros,1,12,,2026-02-11,2026-02-13,,,2026-02-11 16:44:12.89072+00,2026-02-18 14:19:25.635562+00
1358,84,1241,Mejora en rendimiento de Case Mind,1,12,,2026-02-24,2026-02-26,,100,2026-02-23 12:51:41.807891+00,2026-03-02 13:21:30.873809+00
1359,84,1243,Integración con Case Mind,1,12,,2026-02-24,2026-02-26,,100,2026-02-23 12:54:32.659939+00,2026-03-02 13:39:27.38671+00
1405,84,1243,Revisión con DevOps para arquitectura,1,12,,2026-03-02,2026-03-02,,,2026-03-02 13:39:31.169597+00,2026-03-09 16:55:43.591375+00
1406,84,1243,Seguimiento a los reprocesos,1,12,,2026-02-26,2026-03-03,,,2026-03-02 13:39:31.179343+00,2026-03-09 16:55:41.432098+00
1408,84,1242,Fase 2 Derivación a Responsables,1,12,,2026-03-09,2026-03-12,,,2026-03-02 13:58:05.897033+00,2026-03-12 17:09:59.71884+00
1409,84,1242,Fase 1 Categorizacion Automatica,1,12,,2026-03-02,2026-03-04,,,2026-03-02 13:58:06.052778+00,2026-03-09 13:49:22.492655+00
1410,84,1242,Propuestas Automatización de procesos Manuales,1,12,,2026-04-01,2026-04-10,,,2026-03-02 13:58:06.093867+00,2026-03-25 22:11:24.271663+00
1411,84,1242,Implementación Respuestas Automáticas e Inteligentes,1,12,,2026-04-01,2026-04-10,,,2026-03-02 13:58:06.099237+00,2026-03-25 22:11:24.358778+00
1412,84,,Mejora Continua de CaseMind (Orquestador Inteligente),3,12,,2026-03-12,2026-04-08,,,2026-03-02 14:01:10.628044+00,2026-04-14 14:20:58.725189+00
1645,84,1412,Conversión de eventos en casos sin IA,1,12,,2026-03-12,2026-03-13,,,2026-03-09 14:02:43.745812+00,2026-03-16 14:53:13.179003+00
1658,84,1249,Configuración de integración n8n con servicios externos,1,12,,,,,,2026-03-09 17:06:40.907516+00,2026-03-09 17:09:37.134983+00
1659,84,1249,Implementación de flujo n8n para tickets GLPI,1,12,,,,,,2026-03-09 17:06:40.986019+00,2026-03-09 17:07:11.133424+00
1660,84,1249,Validación y pruebas de flujo n8n en producción,1,12,,,,,,2026-03-09 17:06:41.081779+00,2026-03-09 17:07:17.662746+00
1702,84,1857,Propuesta - Solicitud de Corrección Sobrantes y Faltantes,1,12,,2026-03-11,2026-03-18,,,2026-03-12 17:15:54.670485+00,2026-03-23 12:47:45.137672+00
1703,84,1856,Propuesta - Consulta de Procedimiento y/o politica de canjes,1,12,,2026-04-10,2026-04-17,,,2026-03-12 17:15:54.774174+00,2026-04-14 14:24:11.428896+00
1704,84,1859,Propuesta - Solicitud de extorno de guías de Devoluciones,1,12,,2026-03-25,2026-04-01,,,2026-03-12 17:15:55.02938+00,2026-04-08 21:30:53.265408+00
1705,84,1858,Propuesta - Consulta de procedimiento,1,12,,2026-04-01,2026-04-10,,,2026-03-12 17:15:55.10126+00,2026-04-14 14:20:35.794785+00
1706,84,1412,Modificacion del código para adaptación de eventos viajeros no mapeados,1,12,,2026-03-12,2026-03-13,,,2026-03-12 17:18:18.650808+00,2026-03-17 14:17:26.042627+00
1707,84,1857,Implementación - Solicitud de Corrección Sobrantes y Faltantes,1,12,,2026-03-18,2026-04-01,,,2026-03-12 17:19:44.599426+00,2026-04-08 13:21:33.555481+00
1708,84,1859,Implementación - Solicitud de extorno de guías de Devoluciones,1,12,,2026-04-01,2026-04-10,,,2026-03-12 17:19:44.687932+00,2026-05-04 13:02:47.786128+00
1709,84,1858,Implementación - Consulta de procedimiento,1,12,,2026-04-08,2026-04-15,,,2026-03-12 17:19:44.872484+00,2026-05-04 13:03:03.897706+00
1710,84,1856,Implementación - Consulta de Procedimiento y/o politica de canjes,1,12,,2026-04-10,2026-04-17,,,2026-03-12 17:19:44.938862+00,2026-05-04 13:03:18.499791+00
1712,84,1714,Kiosko Inkafarma,1,12,,2026-03-10,2026-03-12,,,2026-03-12 17:22:36.7883+00,2026-03-12 17:33:47.195027+00
1713,84,1714,Kiosko Inkarfarma/Wellnes,1,12,,2026-03-12,2026-03-16,,,2026-03-12 17:22:37.012087+00,2026-03-17 14:14:52.876825+00
1714,84,,Proyecto Kiosko,3,12,,2026-03-10,2026-03-16,,,2026-03-12 17:22:37.123942+00,2026-03-17 14:14:50.425126+00
1716,84,1712,Modificación FrontEnd para adapartarlo al tamaño de pantalla y rediseño de imagenes,1,12,,2026-03-10,2026-03-12,,,2026-03-12 17:27:03.844758+00,2026-03-12 18:11:00.567747+00
1717,84,1713,Modificación FrontEnd para adapartarlo al tamaño de pantalla y rediseño visual,1,12,,2026-03-12,2026-03-16,,,2026-03-12 17:27:03.852257+00,2026-03-17 14:14:57.705772+00
1720,84,1243,Despliegue del servicio de reprocesamiento,1,12,,2026-02-13,2026-03-12,,,2026-03-12 17:30:09.913802+00,2026-03-17 14:15:34.000367+00
1856,84,1242,Supply te ayuda - Consulta de Procedimiento y/o politica de canjes,3,12,,2026-04-10,2026-04-17,,,2026-03-23 12:43:50.075943+00,2026-05-04 13:03:13.5817+00
1857,84,1242,Supply te ayuda - Solicitud de Corrección Sobrantes y Faltantes,3,12,,2026-03-11,2026-04-01,,,2026-03-23 12:43:50.195805+00,2026-04-08 13:22:11.899181+00
1858,84,1242,Supply te ayuda - Consulta de procedimiento,3,12,,2026-04-01,2026-04-15,,,2026-03-23 12:43:50.196048+00,2026-05-04 13:02:59.147863+00
1859,84,1242,Supply te ayuda - Solicitud de extorno de guías de Devoluciones,3,12,,2026-03-25,2026-04-10,,,2026-03-23 12:43:50.210191+00,2026-05-04 13:02:53.458223+00
1860,84,1243,Cierre Transferencias,1,12,,2026-03-23,,,100,2026-03-23 13:15:38.279351+00,2026-03-30 13:35:46.922262+00
1861,84,1243,Cierre Ventas,1,12,,2026-03-23,,,100,2026-03-23 13:15:38.482569+00,2026-03-30 13:35:46.750439+00
1862,84,1243,Cierre Inventario,1,12,,2026-03-23,,,100,2026-03-23 13:15:38.666873+00,2026-03-30 13:35:46.683066+00
1894,84,1412,Bug Detectado: Ejecucion paralela en otras instancias,1,12,,2026-03-24,,,0,2026-03-24 14:13:01.347253+00,2026-03-30 13:58:27.634924+00
1895,84,,Lentitud,3,12,,2026-03-24,2026-03-24,,,2026-03-24 14:14:06.368653+00,2026-03-30 13:36:34.478792+00
1896,84,1895,Frontend: Reporte de lentitud en locales,1,12,,2026-03-24,2026-03-24,,,2026-03-24 14:14:11.111439+00,2026-03-30 13:36:39.101206+00
1929,84,1412,Creación de Plataforma Web - Seguimiento Orquestador Inteligente,1,12,,2026-03-30,2026-04-01,,,2026-03-30 13:57:51.652783+00,2026-04-07 13:16:54.236054+00
1931,84,,Mejoras en POS,3,12,,2026-03-26,2026-03-27,,,2026-03-30 14:06:35.008968+00,2026-03-30 14:07:44.134354+00
1932,84,1931,Hotfix: NC con tarjeta Extranjera,1,12,,2026-03-26,2026-03-27,,,2026-03-30 14:06:39.73969+00,2026-03-30 15:55:39.583227+00
1963,84,1412,Despliegue de Creación de Plataforma Web - Seguimiento Orquestador Inteligente,1,12,,2026-04-07,2026-04-08,,,2026-04-07 13:16:34.137872+00,2026-04-14 14:20:52.704885+00
1975,84,,Activaciones de Usuario IRS,3,12,,2026-04-07,2026-04-10,,,2026-04-07 13:50:00.62995+00,2026-04-14 13:26:29.631814+00
1976,84,1975,"Diseño: flujo automatizado de activación de usuario IRS (orquestación, estados y reintentos)",1,12,,2026-04-08,2026-04-08,,,2026-04-07 13:50:10.275238+00,2026-04-08 19:18:14.765571+00
1977,84,1975,"Análisis: preparación de caja (requisitos, entradas/salidas, validaciones)",1,12,,2026-04-07,2026-04-07,,,2026-04-07 13:50:10.379056+00,2026-04-08 17:46:40.396496+00
2004,84,1975,Implementación: Apertura de caja + validación de estado (Paso 1),1,12,0,2026-04-08,2026-04-08,,,2026-04-08 17:56:35.377961+00,2026-04-27 14:07:48.797827+00
2005,84,1975,QA/UAT: Pruebas end-to-end del flujo Activaciones IRS (SI/NO) + checklist,1,12,0,2026-04-10,2026-04-10,,,2026-04-08 17:56:55.962586+00,2026-04-27 14:08:25.535387+00
2006,84,1975,Hito: Flujo Activaciones de Usuario IRS listo para despliegue,2,12,0,2026-04-10,2026-04-10,,,2026-04-08 17:56:56.325164+00,2026-04-27 14:08:13.444314+00
2007,84,1975,Implementación: Activar usuario en IRS (Paso 4),1,12,0,2026-04-10,2026-04-10,,,2026-04-08 17:56:56.34954+00,2026-04-27 14:08:19.525408+00
2008,84,1975,Implementación: Cliente/ejecución CT vía RAC/DBLink (Paso 2),1,12,0,2026-04-09,2026-04-09,,,2026-04-08 17:56:56.372368+00,2026-04-27 14:07:59.984852+00
2009,84,1975,Implementación: Guardar registro de actualización / auditoría (Paso 5),1,12,0,2026-04-10,2026-04-10,,,2026-04-08 17:56:56.379486+00,2026-04-27 14:08:07.527255+00
2010,84,1975,Implementación: Validar si usuario está registrado en CT (Paso 3),1,12,0,2026-04-09,2026-04-09,,,2026-04-08 17:56:57.105109+00,2026-04-27 14:07:52.263415+00
2089,84,,Migración de Web de Convenios,3,7,0,2026-04-24,2026-05-07,,,2026-04-27 14:06:40.597572+00,2026-05-04 14:21:40.553567+00
2090,84,2089,"Levantamiento VB6: módulos, pantallas, reglas y flujos críticos",1,12,0,2026-04-24,2026-04-24,,,2026-04-27 14:06:56.139951+00,2026-04-27 14:08:39.011352+00
2091,84,2089,Diseño target: arquitectura frontend+backend + modelo de datos/contratos,1,12,0,2026-04-27,2026-04-27,,,2026-04-27 14:06:56.395923+00,2026-05-04 14:15:19.92957+00
2092,84,2089,Backend: implementación MVP (CRUD + validaciones + logging),1,12,0,2026-04-28,2026-04-28,,,2026-04-27 14:06:57.161859+00,2026-05-04 14:15:27.322378+00
2093,84,2089,Frontend: implementación MVP (pantallas clave + consumo API),1,12,0,2026-04-29,2026-04-29,,,2026-04-27 14:06:57.200806+00,2026-05-04 14:15:32.507986+00
2094,84,2089,Plan de migración/cutover + pruebas + checklist salida,1,7,0,2026-04-30,2026-05-07,,,2026-04-27 14:06:57.240105+00,2026-05-04 14:21:40.476712+00
2095,84,,Automatización reproceso de Depósitos,3,12,0,2026-04-24,2026-05-05,,,2026-04-27 14:15:21.322356+00,2026-05-11 12:49:51.949082+00
2096,84,2095,Especificación: contratos y modelo de estados del reproceso (idempotencia + reintentos),1,12,0,2026-04-27,2026-04-27,,,2026-04-27 14:15:37.588033+00,2026-05-04 14:07:26.006343+00
2097,84,2095,BPMN: diagrama reproceso de Depósitos (AS-IS + TO-BE),1,12,0,2026-04-24,2026-04-24,,,2026-04-27 14:15:38.439895+00,2026-05-04 13:05:25.367959+00
2098,84,2095,Pruebas: casos mínimos + evidencia (logs/auditoría),1,12,0,2026-04-30,2026-05-05,,,2026-04-27 14:15:38.563916+00,2026-05-11 12:50:04.206551+00
2099,84,2095,MCP Quarkus: scaffolding + endpoints base (trigger/retry/status),1,12,0,2026-04-27,2026-04-27,,,2026-04-27 14:15:38.984756+00,2026-05-04 13:05:34.51006+00
2100,84,2095,MCP Quarkus: integración reproceso Depósitos + manejo de errores,1,12,0,2026-04-27,2026-04-27,,,2026-04-27 14:15:39.316626+00,2026-05-04 13:05:29.720548+00
2101,84,1242,Pase a Productivo y Correcciones,1,7,,2026-04-30,2026-05-05,,,2026-05-04 13:04:22.85887+00,2026-05-04 13:05:06.855093+00
2172,84,,Automatización Reajuste de Duplicados Transferencias,3,1,,2026-05-08,2026-05-11,,,2026-05-11 12:27:16.763184+00,2026-05-11 12:48:11.344652+00
2173,84,2172,Revisión y propuesta de solución,1,1,,2026-05-08,2026-05-11,,,2026-05-11 12:44:58.628608+00,2026-05-11 12:48:11.288399+00
1381,85,,[Validacion de Escenarios]  Reemplazar icono OH,4,12,,2026-02-17,2026-02-27,,,2026-02-24 15:20:14.74294+00,2026-03-12 17:49:22.783683+00
1382,85,1381,[POSU] Aplicacion JAVA,1,12,,2026-02-19,2026-02-20,,,2026-02-24 15:21:02.8236+00,2026-02-24 15:24:02.609733+00
1383,85,1381,[POS] Base de Datos,1,12,,2026-02-17,2026-02-18,,,2026-02-24 15:21:23.641556+00,2026-02-24 15:23:55.103312+00
1384,85,1381,[Pruebas Implementacion],1,12,,2026-02-25,2026-02-27,,,2026-02-24 15:22:42.238224+00,2026-03-12 17:28:29.0683+00
1385,85,1381,[Confirmacion Imagenes y Diseño],1,12,,2026-02-23,2026-02-24,,,2026-02-24 15:23:23.699937+00,2026-03-12 17:26:27.666482+00
1718,85,,[FORMAS DE PAGO  UNIFICADO SIP],4,12,,2026-03-06,2026-03-12,,,2026-03-12 17:28:17.906876+00,2026-03-13 16:45:40.655618+00
1719,85,1718,[Entendimiento],1,12,,2026-03-06,2026-03-06,,,2026-03-12 17:29:04.925108+00,2026-03-12 17:30:11.322803+00
1721,85,1718,[UNIFICAR] Imagen Ventana Forma de pago,1,12,,2026-03-09,2026-03-09,,,2026-03-12 17:31:13.149631+00,2026-03-12 17:32:18.510093+00
1722,85,1718,[UNIFICAR] SELECCION DE FORMA DE PAGO SIP UNIFICADO,1,12,,2026-03-10,2026-03-11,,,2026-03-12 17:32:08.750834+00,2026-03-12 17:33:02.407487+00
1723,85,1718,[Pruebas de Implementacion],1,12,,2026-03-11,2026-03-12,,,2026-03-12 17:33:15.355099+00,2026-03-13 16:45:34.996388+00
1724,85,,[PASE A QA],4,12,,2026-03-12,2026-03-12,,,2026-03-12 17:34:36.88809+00,2026-03-13 16:45:58.293299+00
1725,85,,[ENTENDIMIENTO QA],4,12,,2026-03-12,2026-03-12,,,2026-03-12 17:35:17.504822+00,2026-03-13 16:45:52.257638+00
1726,85,,[PASE A PRODUCCION],4,12,,2026-03-24,2026-03-24,,,2026-03-12 17:35:49.990736+00,2026-04-06 12:50:07.475238+00
1736,85,,[PRUEBAS QA],4,12,,2026-03-13,2026-03-19,,,2026-03-12 17:50:09.764719+00,2026-03-23 13:04:17.582804+00
1846,85,,[CORRECCIONES QA - DEV],4,12,,2026-03-18,2026-03-19,,,2026-03-19 13:43:41.949538+00,2026-03-23 13:04:30.865769+00
1847,85,1846,Corregir desarrollo,1,12,,2026-03-18,2026-03-19,,,2026-03-19 13:44:02.936879+00,2026-03-23 13:04:25.956781+00
1439,86,,Proyecto Módulo de Impresión de Stickers,5,12,,2026-02-02,2026-03-16,,,2026-03-03 14:01:56.708296+00,2026-03-17 14:09:47.821535+00
1442,86,1439,Actividades adicionales - Fase 2,4,12,,2026-02-25,2026-03-04,,,2026-03-03 14:01:58.010662+00,2026-03-17 14:07:58.635803+00
1443,86,1439,Gestión de recursos,3,12,,2026-02-02,2026-03-16,,,2026-03-03 14:01:58.188936+00,2026-03-17 14:09:55.118077+00
1444,86,1443,Soporte a pruebas de rollos de carton,1,12,,2026-02-02,2026-03-02,,,2026-03-03 14:01:58.359891+00,2026-03-03 14:10:57.209396+00
1454,86,1442,Desarrollo,3,12,,2026-02-25,2026-03-04,,,2026-03-03 14:02:01.184293+00,2026-03-17 14:08:03.179521+00
1455,86,1443,Soporte a pruebas de impresoras POS-D por el proveedor,1,12,,2026-02-02,2026-03-16,,,2026-03-03 14:02:01.565707+00,2026-03-17 14:09:47.444925+00
1456,86,1443,Despliegue de impresoras POS-D,1,13,,,,,,2026-03-03 14:02:01.897549+00,2026-03-17 14:08:46.610465+00
1457,86,1443,Despliegue de rollos de carton,1,13,,,,,,2026-03-03 14:02:02.165724+00,2026-03-17 14:08:50.773885+00
1472,86,1454,Diseño de impresiones para TSC (Sticker),1,12,,2026-03-03,2026-03-03,,,2026-03-03 14:02:06.171723+00,2026-03-03 22:53:51.337768+00
1473,86,1454,Diseño de impresiones para TSC (Carton),1,12,,2026-03-02,2026-03-02,,,2026-03-03 14:02:06.441814+00,2026-03-03 14:02:06.537392+00
1474,86,1454,-> Diseño de impresiones para Zebra (Carton) - Regular,1,12,,2026-03-03,2026-03-04,,,2026-03-03 14:02:06.736449+00,2026-03-03 22:53:34.656567+00
1475,86,1454,-> Diseño de impresiones para Zebra (Carton) - Promocional,1,12,,2026-03-03,2026-03-04,,,2026-03-03 14:02:06.953086+00,2026-03-03 22:53:40.326889+00
1476,86,1454,-> Diseño de impresiones para POS-D (Carton) - Regular,1,12,,2026-03-03,2026-03-04,,,2026-03-03 14:02:07.174603+00,2026-03-09 14:08:50.58663+00
1477,86,1454,-> Diseño de impresiones para POS-D (Carton) - Promocional,1,12,,2026-03-03,2026-03-04,,,2026-03-03 14:02:07.446345+00,2026-03-09 14:08:58.706786+00
1478,86,1454,Conteo en alerta por cambio de precios por promociones de productos en las 3 categorias,1,12,,2026-03-03,2026-03-04,,,2026-03-03 14:02:07.650208+00,2026-03-09 14:09:03.990547+00
1479,86,1454,Modificacion de texto en alerta de contador de pantalla principal,1,12,,2026-02-25,2026-02-27,,,2026-03-03 14:02:07.831722+00,2026-03-03 14:02:07.909839+00
1480,86,1454,Alerta para imprimir productos que no estan en las 3 categorias,1,12,,2026-02-25,2026-02-27,,,2026-03-03 14:02:08.063299+00,2026-03-03 14:02:08.141614+00
1481,86,1454,Modificacion de mensaje por Impresora no Disponible al ingresar al modulo,1,12,,2026-03-02,2026-03-02,,,2026-03-03 14:02:08.250827+00,2026-03-03 14:02:08.415333+00
1482,86,1454,-> Modificacion de mensaje por Impresora no Disponible al dar [F11] Imprimir,1,12,,2026-02-27,2026-03-02,,,2026-03-03 14:02:08.517302+00,2026-03-03 15:03:32.081296+00
1483,86,1454,-> Pintar a blanco solo cuando se imprimió exitosamente,1,12,,2026-03-02,2026-03-02,,,2026-03-03 14:02:08.73438+00,2026-03-03 15:03:40.051051+00
1484,86,1454,-> Mejora en limpieza y filtrado de campos en modulo de precios,1,12,,2026-03-03,2026-03-03,,,2026-03-03 14:02:08.914059+00,2026-03-09 14:09:12.771294+00
1485,86,1454,-> Mejora en control de foco por uso de mouse y teclado en paralelo,1,12,,2026-03-04,2026-03-04,,,2026-03-03 14:02:09.104264+00,2026-03-09 14:09:18.518944+00
1486,86,1442,Pruebas integrales de desarrollo,1,12,,2026-03-04,2026-03-04,,,2026-03-03 14:09:30.835304+00,2026-03-09 14:09:24.338869+00
1487,86,1439,Pruebas QA,4,12,,2026-03-05,2026-03-12,,,2026-03-03 14:12:33.809002+00,2026-03-17 14:08:39.029238+00
1646,86,1439,Adicionales de observaciones en producción,1,12,,2026-03-06,2026-03-06,,,2026-03-09 14:09:55.722318+00,2026-03-17 14:09:23.383736+00
1647,86,1646,Mejora en pintado de registros impresos en modulo de precios,1,12,,2026-03-06,2026-03-06,,,2026-03-09 14:10:17.289526+00,2026-03-09 14:12:45.360973+00
1648,86,1646,Mejora en busqueda de productos por codigo de barras,1,12,,2026-03-06,2026-03-06,,,2026-03-09 14:10:36.490051+00,2026-03-09 14:13:17.42232+00
1795,86,1439,-> Rediseño de dinamica de busqueda de productos por nombre/cod.prod/cod.barras,1,12,,2026-03-12,2026-03-13,,,2026-03-12 19:53:23.356941+00,2026-03-17 14:09:04.378436+00
1796,86,1439,-> Bloqueo de impresion de productos con stock 0 y precio 0 con mensaje de alerta incluido,1,12,,2026-03-12,2026-03-13,,,2026-03-12 19:54:17.195498+00,2026-03-17 14:09:10.040351+00
1797,86,1439,-> Correccion Job Monedero para realizar calculos correctos y que afectan al listado de productos,1,13,,,,,,2026-03-12 19:55:13.715926+00,2026-03-12 19:55:24.629658+00
1488,88,,Hallazgos iniciales (Feb),3,7,,2026-02-12,2026-04-07,,,2026-03-03 20:31:23.766186+00,2026-03-25 22:11:23.456793+00
1489,88,,Updater y navegadores,3,7,,2026-02-19,2026-02-25,,,2026-03-03 20:31:23.796498+00,2026-03-03 20:54:57.178754+00
1490,88,,Boton GLPI + diagnosticos,3,7,,2026-02-23,2026-03-13,,,2026-03-03 20:31:23.817387+00,2026-03-13 14:23:45.463301+00
1491,88,,RAM y reinicios (500 servidores),3,7,,2026-02-24,2026-03-12,,,2026-03-03 20:31:23.828006+00,2026-03-13 14:19:13.855171+00
1492,88,,Hallazgos agente IA,3,7,,2026-03-05,2026-03-20,,,2026-03-03 20:31:23.90734+00,2026-03-12 14:09:27.287362+00
1493,88,1488,Optimizar devoluciones (dblink) por spike 1GB/15min,1,12,,2026-02-16,2026-02-23,,,2026-03-03 20:31:59.871797+00,2026-03-12 14:14:45.159261+00
1494,88,1488,Ajustar proceso Agora para no bloquear cobro,1,12,21,2026-02-12,2026-02-16,,,2026-03-03 20:32:00.306854+00,2026-03-03 20:32:00.537265+00
1495,88,1489,Evaluar Chrome Enterprise (alternativa a Updater),1,1,20,2026-02-19,,,,2026-03-03 20:32:00.375556+00,2026-03-03 20:32:00.692294+00
1496,88,1490,Monitoreo piloto ampliado,1,7,18,2026-03-02,2026-03-09,,,2026-03-03 20:32:00.713901+00,2026-03-13 14:23:40.161584+00
1497,88,1490,Boton GLPI + diagnosticos automaticos (piloto 20 locales),1,12,18,2026-02-23,2026-02-24,,,2026-03-03 20:32:01.42174+00,2026-03-12 14:06:12.861928+00
1498,88,1491,Ejecutar RAMMap en 10% de locales con memoria saturada,1,12,18,2026-02-26,2026-03-02,,,2026-03-03 20:32:01.515104+00,2026-03-12 16:32:11.772454+00
1499,88,1489,Eliminar Google Updater via EDR (resultado negativo),1,12,23,2026-02-19,2026-02-25,,,2026-03-03 20:32:01.579818+00,2026-03-03 20:32:01.793204+00
1501,88,1490,Ampliar pilotos (ejecutado),1,12,18,2026-03-02,2026-03-02,,,2026-03-03 20:32:01.864426+00,2026-03-03 20:45:53.488611+00
1502,88,1490,Plan despliegue por olas: 200 -> Lima -> Cadena,1,1,18,2026-03-10,2026-03-13,,,2026-03-03 20:32:01.900051+00,2026-03-03 20:51:49.630427+00
1503,88,1491,Analizar alto consumo de RAM en servidores (hallazgo),1,12,21,2026-02-24,2026-03-09,,,2026-03-03 20:32:25.386438+00,2026-03-12 14:15:28.468593+00
1504,88,1491,Reiniciar instancia BD + servicio trace (evaluacion memoria),1,12,18,2026-02-27,2026-02-27,,,2026-03-03 20:32:43.828628+00,2026-03-03 20:32:43.900663+00
1505,88,1491,Automatizar reinicio + validaciones posteriores,1,12,21,2026-02-26,2026-02-27,,,2026-03-03 20:32:50.333967+00,2026-03-03 20:32:50.414638+00
1506,88,1491,Reinicio de salud servidores (olas 10/50/200/resto),1,12,20,2026-03-03,2026-03-12,,,2026-03-03 20:33:02.692171+00,2026-03-13 14:19:50.484713+00
1639,88,1488,Validar planes de ejecución. Revisar consultas vía DBLink.,1,1,18,2026-03-30,2026-04-07,,,2026-03-05 15:06:12.080219+00,2026-03-25 22:11:23.387869+00
1640,88,1488,Realizar nuevo análisis de tráfico.,1,1,27,,,,,2026-03-05 15:07:15.686633+00,2026-03-12 14:14:55.360558+00
1641,88,,Casos tablero diagnostico (05-06/03/2026),3,1,,2026-03-05,2026-03-11,,,2026-03-06 19:59:58.29901+00,2026-03-13 14:26:17.262583+00
1642,88,1641,Oracle crash en 9 locales (05/03) - Acciones DBA,1,1,18,2026-03-05,2026-03-09,,,2026-03-06 20:00:14.58685+00,2026-03-13 14:21:11.595877+00
1643,88,1641,Microcortes de internet (05/03) - Networking,1,1,27,2026-03-05,2026-03-06,,,2026-03-06 20:00:15.460443+00,2026-03-13 14:21:39.119926+00
1644,88,1641,Desactivar axpos-updater + revisar CPU (06/03) - Soporte Boticas,1,1,20,2026-03-06,2026-03-11,,,2026-03-06 20:00:15.519769+00,2026-03-12 14:10:23.761314+00
1678,88,1492,Evitar locks row exclusive en PTOVENTA.TMP_ALERTA_PROD_SENSIBLES,1,1,21,2026-03-05,2026-03-17,,,2026-03-11 20:22:38.017379+00,2026-03-12 14:15:53.58182+00
1679,88,1492,Optimizar SQL de alto consumo (SQL_ID gzxhsb7dzwwh4),1,1,21,2026-03-05,2026-03-17,,,2026-03-11 20:22:38.494254+00,2026-03-12 14:16:02.638177+00
1680,88,,Sesion con MDA: hallazgos y acciones (Networking / cuelgues),3,1,,2026-03-11,2026-03-13,,,2026-03-11 20:22:38.542237+00,2026-03-13 14:22:51.605763+00
1681,88,1685,POS: medir tiempos (cantidad/bienvenida/alertas) e instrumentar busqueda de producto,1,1,21,2026-03-06,2026-03-18,,,2026-03-11 20:22:38.648528+00,2026-03-13 14:22:40.537359+00
1682,88,1492,Politica de permanencia/limpieza de sesiones POS (usuario PTOVENTA),1,1,18,2026-03-05,2026-03-20,,,2026-03-11 20:22:38.772172+00,2026-03-12 14:16:23.024376+00
1683,88,1680,Revisar diagnostico con Networking (sesion MDA),1,12,27,2026-03-12,2026-03-13,,,2026-03-11 20:22:48.508656+00,2026-03-13 14:16:14.729825+00
1684,88,1680,Revisar cuelgues aleatorios - Launcher (sesion MDA) ,1,1,21,2026-03-11,2026-03-13,,,2026-03-11 20:22:54.693856+00,2026-03-13 14:30:21.137411+00
1685,88,,Mejorias varias,3,1,,2026-03-06,2026-04-14,,,2026-03-11 20:28:06.738324+00,2026-04-10 14:55:45.239975+00
1686,88,,Visitas a boticas,3,1,,2026-03-11,2026-04-17,,,2026-03-11 20:46:40.878929+00,2026-04-14 14:11:39.816922+00
1687,88,1686,3er bloque de hallazgos,1,1,21,2026-03-23,2026-03-27,,,2026-03-11 20:46:49.694066+00,2026-05-08 14:11:44.307407+00
1690,88,1686,Revision inicial,1,1,21,2026-03-11,2026-03-13,,,2026-03-11 20:47:01.164468+00,2026-03-13 14:22:19.055566+00
1691,88,1686,2do bloque de hallazgos,1,1,21,2026-03-19,2026-04-17,,,2026-03-11 20:47:06.129365+00,2026-05-08 14:11:27.229609+00
1692,88,1685,Reporte de disco - Horas - Salud,1,1,20,2026-03-11,2026-03-20,,,2026-03-12 14:12:18.222523+00,2026-03-13 14:22:32.485752+00
1699,88,1491,Revision de sensores PRTG,1,1,20,,,,,2026-03-12 16:47:51.950542+00,2026-03-13 14:20:35.007093+00
1810,88,,Reunion de diagnosticos PRTG/NW - 12/03/2026,3,1,,2026-03-12,2026-03-20,,,2026-03-13 14:45:37.579315+00,2026-03-13 17:15:54.680661+00
1811,88,1810,EDR elimino archivos en caja y servidor,1,1,23,2026-03-12,2026-03-19,,,2026-03-13 14:46:12.167219+00,2026-03-13 14:46:12.315576+00
1812,88,1810,Deshabilitar Windows Update en servidores PROD y AMBIENTES BAJOS,1,1,20,2026-03-13,2026-03-20,,,2026-03-13 14:46:13.463489+00,2026-03-13 17:17:20.55972+00
1813,88,1810,Aplicar politica para limitar acho de banda para camaras,1,1,27,2026-03-13,2026-03-20,,,2026-03-13 14:46:13.525005+00,2026-03-13 17:15:17.214476+00
1814,88,1810,Ambientes bajos saturando a locales de produccion,1,1,22,2026-03-12,2026-03-19,,,2026-03-13 14:46:13.73721+00,2026-03-13 14:46:13.933174+00
1815,88,1810,Fidelizar se cuelga; limpiar temporales lo resuelve,1,1,21,2026-03-12,2026-03-19,,,2026-03-13 14:46:13.757238+00,2026-03-13 14:46:14.58927+00
1816,88,1810,Revisar inventario de uso de disco,1,1,20,2026-03-13,2026-03-20,,,2026-03-13 14:46:13.787006+00,2026-03-13 14:56:51.337879+00
1817,88,1810,La memoria se incrementa periodicamente,1,1,22,2026-03-12,2026-03-19,,,2026-03-13 14:46:13.808731+00,2026-03-13 14:46:14.259854+00
1818,88,1810,Validar si 4G realmente es una solucion,1,1,27,2026-03-12,2026-03-19,,,2026-03-13 14:46:13.853263+00,2026-03-13 14:46:14.134988+00
1819,88,1810,Equipos de usuarios saturando a locales de produccion (revisar trabajos DBA),1,1,18,2026-03-13,2026-03-20,,,2026-03-13 14:46:14.118446+00,2026-03-13 14:55:56.601763+00
1825,88,1686,1er bloque de hallazgos,1,12,21,2026-03-13,2026-04-09,,,2026-03-17 15:01:12.652955+00,2026-05-08 14:11:27.41836+00
1826,88,1825,Quitar alertas en el flujo de venta,1,12,21,2026-03-13,2026-03-17,,,2026-03-17 15:01:28.782235+00,2026-03-19 14:31:30.675201+00
1827,88,1825,Mostrar flujo correcto para redimir vales,1,12,21,2026-03-17,2026-03-17,,,2026-03-17 15:01:43.339931+00,2026-03-19 14:31:37.148962+00
1828,88,1825,Revisar cuelgues aleatorios en el pos,1,12,21,2026-03-17,2026-04-09,,,2026-03-17 15:01:56.772556+00,2026-04-10 14:40:35.983394+00
1829,88,1825,Salio voucher pero no boleta - tablespace,1,12,21,2026-03-17,2026-03-20,,,2026-03-17 15:02:13.050929+00,2026-03-19 14:32:08.660889+00
1835,88,1691,No lista los convenios a pesar que muestra los datos del cliente,1,12,21,2026-04-01,2026-04-07,,,2026-03-18 15:33:20.295169+00,2026-04-10 14:41:21.632074+00
1836,88,1691,Salio voucher pero no boleta - MyBatis,1,12,21,2026-03-19,2026-03-31,,,2026-03-18 15:34:28.179434+00,2026-04-14 14:10:20.276434+00
1837,88,1691,Lento cuando se busca el producto luego de ingresar un DNI / PAP,1,12,21,2026-03-19,2026-04-17,,,2026-03-18 15:35:07.74538+00,2026-05-08 14:08:00.288413+00
1838,88,1691,Reinicio del POSU,1,12,21,2026-03-19,2026-03-23,,,2026-03-18 15:35:46.951029+00,2026-04-06 14:58:17.804574+00
1839,88,1691,Convenio no atienden las llamadas,1,12,,,,,,2026-03-18 15:36:49.71826+00,2026-05-08 14:07:54.833028+00
1840,88,1691,Alerta que bloquea y reinicia la venta,1,12,21,2026-03-19,2026-03-23,,,2026-03-18 15:37:52.132336+00,2026-03-23 22:11:30.510058+00
1892,88,,Lentitud,3,1,,2026-03-24,2026-03-24,,,2026-03-24 14:09:46.879214+00,2026-03-24 14:09:56.06362+00
1893,88,1892,Frontend: Reporte de lentitud en locales,1,1,,2026-03-24,2026-03-24,,,2026-03-24 14:09:52.442201+00,2026-03-24 14:09:55.998578+00
1930,88,1691,Mejora alerta de tabla bloqueada mismo producto,1,12,21,2026-03-27,2026-03-27,,,2026-03-30 14:03:34.564435+00,2026-03-30 14:04:48.822796+00
2012,88,1685,SIP QR - Bloqueo entre ventanas,1,12,21,2026-04-06,2026-04-07,,,2026-04-10 14:43:53.663123+00,2026-04-10 14:44:27.83811+00
2013,88,1837,ECVENTA - Reutilizar Bean Afiliado evitar múltiples consultas,1,12,21,2026-03-19,2026-04-13,,,2026-04-10 14:46:16.136134+00,2026-04-10 14:51:56.803963+00
2014,88,1837,RAC - evitar múltiples consultas al sp: BTLPROD.PTOVENTA_PAP.F_GET_CLI_LIMITE_BONIF_PAP,1,12,21,2026-04-13,2026-04-14,,,2026-04-10 14:48:52.643284+00,2026-05-08 14:07:31.010639+00
2015,88,1837,ORBIS - Unificar consulta de getAffiliationSearch y getCardItemBalance,1,14,21,2026-04-14,2026-04-17,,,2026-04-10 14:50:28.534947+00,2026-04-14 14:11:47.538184+00
2016,88,1685,Mejora en JConfirmDialog por bloqueo de ventana,1,12,21,2026-04-10,2026-04-14,,,2026-04-10 14:55:15.046747+00,2026-05-08 14:06:50.071131+00
2017,88,1685,Activar indicador para quitar alertas,1,12,21,2026-04-10,2026-04-10,,,2026-04-10 14:56:40.497487+00,2026-05-08 14:07:01.558269+00
2072,88,,Hallazgos N2,3,1,,2026-04-01,2026-04-29,,,2026-04-24 20:04:49.508022+00,2026-04-24 20:06:22.545298+00
2074,88,2072,Error en SIP al fallar el primer intento.,1,12,,2026-04-22,2026-04-23,,,2026-04-24 20:05:11.178945+00,2026-04-27 19:01:53.496849+00
2076,88,2072,Centralizacion y adjuntar el log automaticamente.,1,7,,2026-04-27,2026-05-08,,,2026-04-24 20:05:11.666002+00,2026-05-04 23:50:02.324997+00
2078,88,2072,Perdida de foco en pedidos pendientes.,1,12,,2026-04-23,2026-04-29,,,2026-04-24 20:05:11.700759+00,2026-05-04 23:50:36.944052+00
2079,88,2072,"Puntos muy altos, donde se originan.",1,7,,2026-04-24,2026-05-08,,,2026-04-24 20:05:11.792589+00,2026-05-04 23:56:33.84127+00
2080,88,2072,Estado R en pedidos para no bloquear LGT_PROD_LOCAL.,1,12,,2026-04-21,2026-04-23,,,2026-04-24 20:05:51.310067+00,2026-04-27 15:45:31.764277+00
2081,88,2072,Cuelgue en ventana detalle variedad.,1,12,,2026-04-27,2026-04-29,,,2026-04-24 20:05:55.918397+00,2026-05-04 23:57:01.165266+00
2082,88,2072,Optimizar el calculo de mejor precio.,1,7,,2026-04-27,2026-05-08,,,2026-04-24 20:06:01.57344+00,2026-05-04 23:57:17.947966+00
2083,88,2072,Fallo al cobrar debido a error en trigger de auditoría,1,12,,2026-04-23,2026-04-29,,,2026-04-24 21:18:01.706393+00,2026-04-27 15:40:33.756649+00
2084,88,2072,Error venta convenio MAPFRE,1,12,,2026-04-23,2026-04-29,,,2026-04-24 21:18:01.827781+00,2026-05-04 23:58:12.590497+00
2085,88,2072,Error al grabar pedido - Tablespace,1,12,,2026-04-23,2026-04-23,,,2026-04-24 21:18:02.152478+00,2026-04-27 15:40:28.438948+00
2086,88,2072,Lentitud al realizar cobros RET - Indisponibilidad Servidor,1,1,,2026-04-22,2026-05-08,,,2026-04-24 21:18:02.299761+00,2026-05-05 00:00:48.792396+00
2087,88,2072,Error al procesar coincidencias con productos ficticios,1,12,,2026-04-22,2026-04-23,,,2026-04-24 21:18:02.467364+00,2026-04-27 19:01:32.442049+00
2088,88,2072,"Lentitud en fidelizacion de ventas - Equipo ST, Netw",1,1,,2026-04-22,2026-05-08,,,2026-04-24 21:19:04.301386+00,2026-05-05 00:02:40.094513+00
2104,88,2072,Medir Ancho de Banda en locales,1,1,,2026-05-04,2026-05-08,,,2026-05-05 00:03:37.255219+00,2026-05-05 00:03:37.386182+00
1507,89,,P3 - Autoservicio y estandarizacion,3,1,,,,,,2026-03-04 16:20:40.831814+00,2026-03-04 16:30:46.179925+00
1508,89,,P4 - Incidentes POS recurrentes,3,1,,,,,,2026-03-04 16:20:40.84104+00,2026-03-04 16:32:36.280931+00
1509,89,,P1 - Automatizaciones de alto impacto,3,1,,,,,,2026-03-04 16:20:40.882871+00,2026-03-04 16:21:12.722523+00
1510,89,,P2 - Integraciones y asistencia operativa,3,1,,,,,,2026-03-04 16:20:40.958302+00,2026-03-04 16:22:04.021842+00
1511,89,1509,Inventario automatico para reportes (PC/perifericos/fotos),1,1,26,,,,,2026-03-04 16:21:12.668639+00,2026-03-04 16:33:53.977561+00
1512,89,1509,Deteccion automatica de masivos + mensaje IVR,1,1,24,,,,,2026-03-04 16:21:12.835606+00,2026-03-04 16:21:31.729726+00
1513,89,1509,"Nuevo mantenimiento de usuarios (roles, caja, sincronizaciones, ausencia QF)",1,1,26,,,,,2026-03-04 16:21:13.091972+00,2026-03-04 16:21:32.172221+00
1514,89,1509,Viajero automatico para promociones (cruce + reintento + alerta QF),1,1,25,,,,,2026-03-04 16:21:13.268517+00,2026-03-04 16:33:54.154013+00
1515,89,1512,IVR: mensaje + activacion/desactivacion automatica,1,1,24,,,,,2026-03-04 16:21:31.629686+00,2026-03-04 16:21:31.784244+00
1517,89,1513,Usuarios: roles y permisos (nuevo mantenimiento),1,1,26,,,,,2026-03-04 16:21:32.066826+00,2026-03-04 16:21:32.24152+00
1518,89,1513,Usuarios: sincronizaciones,1,1,26,,,,,2026-03-04 16:21:32.277811+00,2026-03-04 16:21:32.415097+00
1519,89,1512,Medicion: baseline y reporte de reduccion de tickets,1,1,24,,,,,2026-03-04 16:21:32.480976+00,2026-03-04 16:21:32.704001+00
1520,89,1513,Usuarios: casos por ausencia QF + despliegue,1,1,26,,,,,2026-03-04 16:21:32.848274+00,2026-03-04 16:21:33.074168+00
1521,89,1513,Usuarios: mantenimiento de caja,1,1,26,,,,,2026-03-04 16:21:32.864375+00,2026-03-04 16:21:32.990304+00
1522,89,1512,Masivos: definir reglas/umbrales y fuente de verdad,1,1,24,,,,,2026-03-04 16:21:43.380015+00,2026-03-04 16:21:43.458918+00
1523,89,1510,Categorizacion asistida de tickets (motivo + captura de datos),1,1,26,,,,,2026-03-04 16:22:03.922411+00,2026-03-04 16:22:04.076119+00
1525,89,1510,Integracion con proveedor de telefonia (API estados/acciones/reportes),1,1,24,,,,,2026-03-04 16:22:04.106585+00,2026-03-04 16:22:04.247309+00
1526,89,1510,Plataforma de capacitacion (videos por flujo con marcas de tiempo),1,1,24,,,,,2026-03-04 16:22:04.224321+00,2026-03-04 16:22:04.337713+00
1527,89,1510,Limpieza automatica de cola de impresion al encender,1,1,25,,,,,2026-03-04 16:22:04.266775+00,2026-03-04 16:22:04.387388+00
1528,89,1510,POS: apartado unificado de cambios recientes/incidentes (comunicacion a locales),1,1,25,,,,,2026-03-04 16:29:54.428085+00,2026-03-04 16:29:54.689952+00
1529,89,1507,Landing de atencion al cliente para reclamos (datos con aprobacion),1,1,24,,,,,2026-03-04 16:30:46.11611+00,2026-03-04 16:30:46.230242+00
1530,89,1507,Resolucion automatica APEX (sensor + accion controlada),1,1,25,,,,,2026-03-04 16:30:47.107953+00,2026-03-04 16:30:47.309671+00
1531,89,1507,Guia/comunicacion para autoservicio (estado de comprobantes via Axteroid),1,1,24,,,,,2026-03-04 16:30:47.163772+00,2026-03-04 16:30:47.382951+00
1532,89,1507,Herramienta simple para configuraciones/mantenimientos del quimico sin ticket,1,1,24,,,,,2026-03-04 16:30:47.290229+00,2026-03-04 16:30:47.393224+00
1533,89,1507,Consolidacion de plataformas (unificar APP/WEB donde sea posible),1,1,26,,,,,2026-03-04 16:30:47.358971+00,2026-03-04 16:30:47.462218+00
1534,89,1507,Estandarizar flujo unico (evitar atencion directa fuera del circuito MDA),1,1,24,,,,,2026-03-04 16:30:47.387612+00,2026-03-04 16:30:47.657341+00
1535,89,1507,Mantenimiento de parametros (Local + APPS/maestros) para evitar reversas,1,1,26,,,,,2026-03-04 16:30:47.589087+00,2026-03-04 16:30:47.894255+00
1536,89,1508,Incidente: resolucion de pantalla del POS,1,1,25,,,,,2026-03-04 16:32:36.233652+00,2026-03-04 16:32:36.330285+00
1537,89,1508,Incidente: stock no vuelve cuando no imprime,1,1,25,,,,,2026-03-04 16:32:36.483667+00,2026-03-04 16:32:36.595536+00
1538,89,1508,Incidente: Agora QR compra sin voucher/boleta,1,1,26,,,,,2026-03-04 16:32:36.538365+00,2026-03-04 16:32:36.642611+00
1539,89,1508,Incidente: PAP no bonifica/aplica,1,1,25,,,,,2026-03-04 16:32:36.686043+00,2026-03-04 16:32:36.813333+00
1540,89,1508,Incidente: salio voucher pero no boleta,1,1,26,,,,,2026-03-04 16:32:36.717233+00,2026-03-04 16:32:36.827607+00
1541,89,1511,Inventario: definir campos + formato de reporte,1,1,26,,,,,2026-03-04 16:33:53.871807+00,2026-03-04 16:33:54.049202+00
1542,89,1514,Viajero: alerta QF (payload minimo + controles),1,1,25,,,,,2026-03-04 16:33:54.051569+00,2026-03-04 16:33:54.24691+00
1543,89,1511,Inventario: captura automatica (PC/perifericos/versiones),1,1,26,,,,,2026-03-04 16:33:54.166993+00,2026-03-04 16:33:54.31023+00
1544,89,1511,Inventario: fotos/evidencia + almacenamiento y permisos,1,1,26,,,,,2026-03-04 16:33:54.171845+00,2026-03-04 16:33:54.426531+00
1545,89,1514,Viajero: reintento controlado (limites + backoff),1,1,25,,,,,2026-03-04 16:33:54.36941+00,2026-03-04 16:33:54.5905+00
1546,89,1514,Viajero: implementar cruce + validaciones,1,1,25,,,,,2026-03-04 16:33:54.44876+00,2026-03-04 16:33:54.644123+00
1547,91,,Backlog: Reduccion de Operatividad y Tickets (MDA/Boticas),3,1,,2026-03-05,2026-03-05,,,2026-03-04 16:45:24.986454+00,2026-03-04 16:53:05.392588+00
1548,91,1547,[P1] Deteccion automatica de masivos + mensaje IVR,3,1,,2026-03-05,2026-03-05,,,2026-03-04 16:45:46.559983+00,2026-03-04 16:53:05.575826+00
1549,91,1547,"[P1] Nuevo mantenimiento de usuarios (roles, caja, sincronizaciones, ausencia QF)",3,1,,2026-03-05,2026-03-05,,,2026-03-04 16:45:52.017093+00,2026-03-04 16:53:05.323123+00
1550,91,1547,[P2] Categorizacion asistida de tickets (motivo + captura de datos),3,1,,2026-03-05,2026-03-05,,,2026-03-04 16:45:57.180552+00,2026-03-04 16:53:05.95991+00
1551,91,1547,[P2] Cambios recientes / incidentes en POS unificado (comunicacion a locales),3,1,,2026-03-05,2026-03-05,,,2026-03-04 16:46:02.106939+00,2026-03-04 16:53:06.311255+00
1552,91,1548,[P1] Masivos/IVR - Especificar umbrales y fuentes,1,1,,2026-03-05,,,,2026-03-04 16:46:22.142706+00,2026-03-04 16:53:22.180938+00
1553,91,1548,[P1] Masivos/IVR - Implementar deteccion y alertas,1,1,,2026-03-05,,,,2026-03-04 16:46:22.24017+00,2026-03-04 16:53:05.430505+00
1554,91,1549,"[P1] Usuarios - Pruebas, documentacion y rollout",1,1,,2026-03-05,,,,2026-03-04 16:46:23.697422+00,2026-03-04 16:53:05.206639+00
1556,91,1551,[P2] POS Unificado - Implementar apartado + administracion,1,1,,2026-03-05,,,,2026-03-04 16:46:23.772735+00,2026-03-04 16:53:06.121985+00
1558,91,1548,"[P1] Masivos/IVR - Mensaje IVR, pruebas y despliegue",1,1,,2026-03-05,,,,2026-03-04 16:46:23.830014+00,2026-03-04 16:53:06.391118+00
1559,91,1550,"[P2] Categorizacion - Ajustes, medicion y rollout",1,1,,2026-03-05,,,,2026-03-04 16:46:23.858421+00,2026-03-04 16:53:05.760818+00
1560,91,1551,"[P2] POS Unificado - Notificaciones, metricas y rollout",1,1,,2026-03-05,,,,2026-03-04 16:46:23.862502+00,2026-03-04 16:53:06.387574+00
1561,91,1549,"[P1] Usuarios - Roles, caja y sincronizaciones",1,1,,2026-03-05,,,,2026-03-04 16:46:24.251652+00,2026-03-04 16:54:00.233131+00
1562,91,1551,[P2] POS Unificado - Diseno de contenido y taxonomia,1,1,,2026-03-05,,,,2026-03-04 16:46:24.563336+00,2026-03-04 16:54:00.244135+00
1563,91,1550,[P2] Categorizacion - Deteccion motivo + captura + validaciones,1,1,,2026-03-05,,,,2026-03-04 16:46:24.697559+00,2026-03-04 16:54:00.311242+00
1564,91,1549,[P1] Usuarios - Casos por ausencia QF (reglas),1,1,,2026-03-05,,,,2026-03-04 16:46:31.624586+00,2026-03-04 16:54:00.816007+00
1565,91,1550,[P2] Categorizacion - Modelo de motivos y campos requeridos,1,1,,2026-03-05,,,,2026-03-04 16:46:38.292+00,2026-03-04 16:54:00.526663+00
1566,91,1547,[P2] Integracion con proveedor de telefonia (API estados/acciones/reportes),1,1,,2026-03-05,,,,2026-03-04 16:46:52.768569+00,2026-03-04 16:54:00.324354+00
1567,91,1547,[P3] Resolucion automatica APEX (sensor + accion controlada),1,1,,2026-03-05,,,,2026-03-04 16:46:52.903162+00,2026-03-04 16:54:00.833431+00
1568,91,1547,[P1] Inventario automatico para reportes (PC/perifericos/fotos),1,1,,2026-03-05,,,,2026-03-04 16:46:53.358041+00,2026-03-04 16:54:02.038065+00
1569,91,1547,[P2] Limpieza automatica de cola de impresion al encender,1,1,,2026-03-05,,,,2026-03-04 16:46:53.365406+00,2026-03-04 16:54:00.316728+00
1570,91,1547,[P1] Viajero automatico para promociones (cruce + reintento + alerta QF),1,1,,2026-03-05,,,,2026-03-04 16:46:53.454506+00,2026-03-04 16:54:01.50464+00
1571,91,1547,[P3] Landing de atencion al cliente para reclamos (datos con aprobacion),1,1,,2026-03-05,,,,2026-03-04 16:46:53.457678+00,2026-03-04 16:54:01.580122+00
1572,91,1547,[P3] Mantenimiento de parametros (actualiza Local + APPS/maestros para evitar reversas),1,1,,2026-03-05,,,,2026-03-04 16:47:07.286785+00,2026-03-04 16:54:15.664171+00
1573,91,1547,[P3] Estandarizar flujo unico (evitar atencion directa fuera del circuito MDA),1,1,,2026-03-05,,,,2026-03-04 16:47:07.428057+00,2026-03-04 16:54:15.69553+00
1574,91,1547,[P3] Herramienta simple para configuraciones/mantenimientos del quimico sin ticket,1,1,,2026-03-05,,,,2026-03-04 16:47:07.445001+00,2026-03-04 16:54:15.68863+00
1575,91,1547,[P2] Plataforma de capacitacion (videos por flujo con marcas de tiempo),1,1,,2026-03-05,,,,2026-03-04 16:47:07.49004+00,2026-03-04 16:54:15.863682+00
1576,91,1547,[P3] Consolidacion de plataformas (unificar APP/WEB donde sea posible),1,1,,2026-03-05,,,,2026-03-04 16:47:07.520741+00,2026-03-04 16:54:15.84202+00
1577,91,1547,[P3] Guia/comunicacion para autoservicio (estado de comprobantes via Axteroid),1,1,,2026-03-05,,,,2026-03-04 16:47:07.527744+00,2026-03-04 16:54:15.69557+00
1578,91,1547,[P4] Incidente: stock no vuelve cuando no imprime,1,1,,2026-03-05,,,,2026-03-04 16:47:28.816377+00,2026-03-04 16:54:15.750453+00
1579,91,1547,[P4] Incidente: resolucion de pantalla del POS,1,1,,2026-03-05,,,,2026-03-04 16:47:28.968209+00,2026-03-04 16:54:16.042409+00
1580,91,1547,[P4] Incidente: Agora QR compra sin voucher/boleta,1,1,,2026-03-05,,,,2026-03-04 16:47:29.226809+00,2026-03-04 16:54:16.943034+00
1581,91,1547,[P4] Incidente: salio voucher pero no boleta,1,1,,2026-03-05,,,,2026-03-04 16:47:29.277585+00,2026-03-04 16:54:16.758343+00
1582,91,1547,[P4] Incidente: PAP no bonifica/aplica,1,1,,2026-03-05,,,,2026-03-04 16:47:29.340621+00,2026-03-04 16:54:16.970059+00
1583,92,,P1 - Automatizacion y prevencion (alto impacto),3,7,,2026-03-09,2026-03-20,,,2026-03-04 17:06:08.076028+00,2026-03-12 16:27:31.40441+00
1584,92,,P2 - Optimización operativa (medio/alto impacto),3,6,,2026-03-09,2026-04-07,,,2026-03-04 17:06:08.213553+00,2026-03-25 22:11:23.592604+00
1585,92,,P3 - Estandarización y autoservicio (mejora continua),3,6,,2026-03-23,2026-04-09,,,2026-03-04 17:06:08.231313+00,2026-03-25 22:11:22.539374+00
1586,92,,P4 - Incidentes recurrentes (quick wins / correcciones),3,6,,2026-03-31,2026-04-14,,,2026-03-04 17:06:08.62461+00,2026-03-25 22:11:23.992757+00
1587,92,1583,Viajero automatico para promociones (cruce + reintento + alerta QF),1,1,26,2026-03-16,2026-03-20,,,2026-03-04 17:06:40.404966+00,2026-03-06 16:24:24.938543+00
1591,92,1583,Deteccion automatica de masivos + mensaje IVR,1,1,24,2026-03-09,2026-03-20,,,2026-03-04 17:06:54.961571+00,2026-03-06 16:25:06.337466+00
1592,92,1583,Inventario automatico para reportes (PC/perifericos/fotos),1,7,26,2026-03-09,2026-03-17,,,2026-03-04 17:07:00.217123+00,2026-03-17 15:09:14.923104+00
1593,92,1583,"Nuevo mantenimiento de usuarios (roles, caja, sincronizaciones, casos por ausencia QF)",1,7,25,2026-03-09,2026-03-13,,,2026-03-04 17:07:10.746306+00,2026-03-12 16:28:00.206338+00
1594,92,1591,Masivos: definir criterios/umbrales y fuentes,1,1,,2026-03-10,2026-03-12,,,2026-03-04 17:07:20.96773+00,2026-03-06 16:25:25.52739+00
1597,92,1591,Masivos: implementar deteccion y registro de eventos,1,1,,2026-03-09,2026-03-12,,,2026-03-04 17:07:21.073889+00,2026-03-04 17:29:31.750429+00
1598,92,1591,"IVR: mensaje, activacion y kill switch",1,1,,2026-03-13,2026-03-16,,,2026-03-04 17:07:36.151831+00,2026-03-04 17:29:31.456647+00
1599,92,1591,Masivos/IVR: metricas y tablero minimo,1,1,,2026-03-17,2026-03-20,,,2026-03-04 17:07:39.479983+00,2026-03-06 16:25:48.338963+00
1600,92,1592,Inventario: captura automatica PC/perifericos,1,7,,2026-03-09,2026-03-10,,,2026-03-04 17:07:47.088172+00,2026-03-12 16:27:45.397349+00
1602,92,1592,Inventario: reporte/export y acceso MDA,1,7,,2026-03-11,2026-03-11,,,2026-03-04 17:07:55.400805+00,2026-03-12 16:27:50.555331+00
1603,92,1587,Viajero: definir reglas de cruce/validacion,1,1,,2026-03-16,2026-03-17,,,2026-03-04 17:07:59.495071+00,2026-03-06 16:23:47.980561+00
1604,92,1587,Viajero: reintento controlado y registro de intentos,1,1,,2026-03-18,2026-03-19,,,2026-03-04 17:08:03.200164+00,2026-03-06 16:23:56.650914+00
1605,92,1587,Viajero: alerta QF (criterios y notificacion),1,1,,2026-03-19,2026-03-20,,,2026-03-04 17:08:06.561578+00,2026-03-06 16:24:05.983847+00
1606,92,1593,Usuarios: definir modelo de roles/permisos,1,12,,2026-03-09,2026-03-10,,,2026-03-04 17:08:12.12914+00,2026-03-12 16:28:06.774812+00
1607,92,1593,Usuarios: implementar mantenimiento de roles/permisos,1,7,,2026-03-10,2026-03-11,,,2026-03-04 17:08:17.971067+00,2026-03-12 16:28:12.895393+00
1608,92,1593,Usuarios: mantenimiento de caja,1,7,,2026-03-11,2026-03-12,,,2026-03-04 17:08:22.170725+00,2026-03-12 16:28:21.258021+00
1609,92,1593,Usuarios: sincronizaciones y consistencia entre sistemas,1,7,,2026-03-12,2026-03-13,,,2026-03-04 17:08:25.701221+00,2026-03-12 16:28:23.210751+00
1611,92,1584,Integracion con proveedor de telefonia (API estados/acciones/reportes),1,1,24,2026-03-09,2026-03-27,,,2026-03-04 17:08:36.269299+00,2026-03-06 16:30:27.067002+00
1612,92,1611,Telefonia: definicion contrato API + auth + rate limits,1,1,,2026-03-09,2026-03-12,,,2026-03-04 17:08:41.971046+00,2026-03-06 16:30:43.76419+00
1613,92,1611,Telefonia: consumo API de estados + normalizacion,1,1,,2026-03-10,2026-03-12,,,2026-03-04 17:08:45.695394+00,2026-03-06 16:30:52.3122+00
1614,92,1611,Telefonia: acciones (start/stop/ivr/mensajeria segun proveedor),1,1,,2026-03-24,2026-03-26,,,2026-03-04 17:08:49.509882+00,2026-03-06 16:31:03.548039+00
1615,92,1611,Telefonia: reportes + monitoreo/alertas,1,1,,2026-03-23,2026-03-27,,,2026-03-04 17:08:53.02493+00,2026-03-06 16:31:21.16773+00
1616,92,1584,Categorizacion asistida de tickets (deteccion de motivo + captura de datos),1,1,25,2026-03-16,2026-03-27,,,2026-03-04 17:09:05.229054+00,2026-03-06 16:38:37.682534+00
1617,92,1616,Tickets: catalogo de motivos + datos requeridos por motivo,1,1,25,2026-03-18,2026-03-19,,,2026-03-04 17:09:10.930871+00,2026-03-04 17:44:38.991075+00
1618,92,1616,Tickets: deteccion asistida de motivo (reglas/heuristicas),1,1,25,2026-03-20,2026-03-23,,,2026-03-04 17:09:16.576025+00,2026-03-04 17:44:39.724568+00
1621,92,1616,Tickets: rollout controlado + feedback loop,1,1,25,2026-03-31,2026-03-31,,,2026-03-04 17:09:29.292674+00,2026-03-04 17:44:39.73248+00
1622,92,1584,Limpieza automatica de cola de impresion al encender,1,7,26,2026-03-16,2026-03-18,,,2026-03-04 17:09:35.130771+00,2026-03-12 16:28:55.894371+00
1623,92,1584,Apartado de cambios recientes/incidentes en POS unificado (comunicacion a locales),1,1,25,2026-03-23,2026-03-26,,,2026-03-04 17:09:40.163906+00,2026-03-06 16:29:32.732552+00
1624,92,1584,Plataforma de capacitacion (videos por flujo con marcas de tiempo),1,1,25,2026-03-30,2026-04-07,,,2026-03-04 17:09:46.314044+00,2026-03-25 22:11:23.528376+00
1625,92,1624,Capacitacion: definir alcance MVP + estimacion,1,1,25,2026-03-31,2026-04-01,,,2026-03-04 17:09:53.461888+00,2026-03-04 17:44:39.741883+00
1626,92,1585,Landing de atencion al cliente para reclamos (datos con aprobacion),1,1,24,2026-03-30,2026-04-07,,,2026-03-04 17:10:00.877189+00,2026-03-25 22:11:23.749529+00
1627,92,1585,Herramienta simple para configuraciones/mantenimientos del quimico sin ticket,1,1,24,2026-03-24,2026-03-25,,,2026-03-04 17:10:08.02161+00,2026-03-06 16:41:31.166548+00
1628,92,1585,Mantenimiento de parametros (actualiza Local + APPS/maestros para evitar reversas),1,1,24,2026-03-23,2026-03-25,,,2026-03-04 17:10:15.406418+00,2026-03-06 16:45:13.721644+00
1629,92,1585,Estandarizar flujo unico (evitar atencion directa fuera del circuito MDA),1,1,24,2026-04-08,2026-04-09,,,2026-03-04 17:10:20.807459+00,2026-03-06 16:41:57.503262+00
1630,92,1585,Guia/comunicacion para autoservicio (estado de comprobantes via Axteroid),1,1,24,2026-04-06,2026-04-07,,,2026-03-04 17:10:25.626898+00,2026-03-06 16:42:08.076439+00
1631,92,1585,Consolidacion de plataformas (unificar APP/WEB donde sea posible),1,1,25,2026-03-31,2026-04-07,,,2026-03-04 17:10:31.6087+00,2026-03-25 22:11:23.827586+00
1632,92,1631,Consolidacion: mapeo de plataformas y plan de unificacion,1,1,25,2026-04-06,2026-04-08,,,2026-03-04 17:10:35.920831+00,2026-03-25 22:11:24.687294+00
1633,92,1585,Resolucion automatica APEX (sensor + accion controlada),1,1,26,2026-03-25,2026-03-27,,,2026-03-04 17:10:41.711007+00,2026-03-06 16:45:35.026271+00
1634,92,1586,Incidente: stock no vuelve cuando no imprime,1,1,26,2026-03-31,2026-04-09,,,2026-03-04 17:10:48.199446+00,2026-03-25 22:11:23.917311+00
1635,92,1586,Incidente: Agora QR compra sin voucher/boleta,1,1,26,2026-04-01,2026-04-09,,,2026-03-04 17:10:53.049115+00,2026-03-25 22:11:24.188627+00
1636,92,1586,Incidente: salio voucher pero no boleta,1,1,26,2026-04-06,2026-04-08,,,2026-03-04 17:11:00.604316+00,2026-03-06 16:49:14.205552+00
1638,92,1586,Incidente: resolucion de pantalla del POS,1,1,26,2026-04-09,2026-04-10,,,2026-03-04 17:11:11.157602+00,2026-03-06 16:49:28.480082+00
1670,92,,P5 - Mejora en launcher y revisión de casos,3,7,,2026-03-09,2026-03-13,,,2026-03-11 14:31:42.720629+00,2026-03-11 14:36:47.572078+00
1671,92,1670,Mejora en el .exe para el error VCRUNTIME140.dll,1,12,,2026-03-09,2026-03-11,,,2026-03-11 14:33:10.193882+00,2026-03-12 16:29:12.665253+00
1672,92,1670,Validar existencia de los 2 .exe dentro del .bat que inicia el posu,1,7,,2026-03-11,2026-03-11,,,2026-03-11 14:33:57.268526+00,2026-03-11 14:36:55.958803+00
1673,92,1670,Caso imprimió el voucher pero no salio la boleta,1,7,,2026-03-11,2026-03-13,,,2026-03-11 14:34:40.63434+00,2026-03-11 14:37:00.588235+00
1674,92,1670,Caso donde se cuelga el POS,1,1,,2026-03-11,2026-03-13,,,2026-03-11 14:35:06.118243+00,2026-03-11 14:36:21.88998+00
1675,92,1670,Visita al local GK2,1,12,,2026-03-11,2026-03-11,,,2026-03-11 14:35:28.500245+00,2026-03-12 16:29:23.572985+00
1695,92,,P6 - Casos luego de la visita al local GK2,3,7,,2026-03-12,2026-03-18,,,2026-03-12 16:25:45.531301+00,2026-03-12 21:21:00.415714+00
1696,92,1695,Quitar alertas en el flujo de venta,1,7,,2026-03-12,2026-03-13,,,2026-03-12 16:26:15.998497+00,2026-03-12 21:20:24.06165+00
1697,92,1695,Mostrar flujo correcto para redimir vales,1,7,,2026-03-12,2026-03-13,,,2026-03-12 16:26:45.09004+00,2026-03-12 21:21:00.365862+00
1698,92,1695,Revisar cuelgues aleatorios en el pos,1,1,,2026-03-12,2026-03-18,,,2026-03-12 16:27:08.671647+00,2026-03-12 21:20:52.704259+00
1700,92,,P7 - Supply,3,7,,2026-03-11,2026-03-18,,,2026-03-12 17:06:49.813353+00,2026-03-12 17:09:03.715589+00
1701,92,1700,Regularización de recepción ciega,1,7,,2026-03-11,2026-03-18,,,2026-03-12 17:07:20.567999+00,2026-03-12 17:09:03.640235+00
1824,92,1695,Salio voucher pero no boleta,1,1,,2026-03-12,2026-03-18,,,2026-03-17 15:00:02.284919+00,2026-03-17 15:00:02.457503+00
1661,93,,[Mariale] - DINO,5,1,,2026-03-09,2026-03-12,,,2026-03-09 21:14:16.699393+00,2026-03-11 20:22:21.418731+00
1662,93,1661,Habilitar NCP en los DC,6,9,,2026-03-09,2026-03-11,,,2026-03-09 21:14:56.709349+00,2026-03-16 18:27:53.697733+00
1663,93,1661,Revisión - NCM en DC Misma FP,6,9,,2026-03-12,2026-03-12,,,2026-03-09 21:15:31.730165+00,2026-03-16 18:27:49.11362+00
1664,93,,[Mariale ] - Convenio,5,1,,2026-03-09,2026-03-12,,,2026-03-09 21:17:35.845231+00,2026-03-09 21:23:13.085031+00
1665,93,1664,POSU,4,1,,2026-03-09,2026-03-12,,,2026-03-09 21:18:12.379083+00,2026-03-09 21:23:13.060077+00
1666,93,1665,[Convenio Rimac] - Convenios - InRetail,6,9,,2026-03-09,2026-03-12,,,2026-03-09 21:18:34.605417+00,2026-03-16 18:28:14.254257+00
1667,93,1664,DU,4,1,,2026-03-09,2026-03-10,,,2026-03-09 21:19:26.642684+00,2026-03-09 21:22:54.520441+00
1668,93,1667,[Web de Consulta] - Modificaciones Post Producción - Fase 1,6,9,,2026-03-09,2026-03-10,,,2026-03-09 21:20:00.808113+00,2026-03-16 18:28:19.541725+00
1669,93,1665,[Convenio Pacifico] - Convenios - Amed,6,2,,,,,,2026-03-09 21:20:45.369891+00,2026-03-09 21:21:37.845656+00
1676,93,,Certificación QA,3,12,,2026-03-13,2026-03-19,,,2026-03-11 20:20:27.077062+00,2026-03-24 13:48:58.81847+00
1677,93,,Entendimiento QA,3,12,,2026-03-12,2026-03-12,,,2026-03-11 20:21:40.960937+00,2026-03-16 18:27:31.428893+00
1693,93,,Contometros | Consulta sobre lógica de cálculo en POSU,1,12,,2026-03-13,2026-03-16,,,2026-03-12 15:14:37.925136+00,2026-03-16 18:27:24.870655+00
1694,93,,Mejoras Analytics POS,6,12,,2026-03-13,2026-03-17,,,2026-03-12 15:16:16.472998+00,2026-03-24 13:49:06.070547+00
1727,94,,[ENTENDIMIENTO] RQ,4,12,,2026-03-06,2026-03-09,,,2026-03-12 17:41:56.618447+00,2026-03-12 17:43:12.128884+00
1728,94,1727,Validacion Casos Redondeo,1,12,,2026-03-06,2026-03-09,,,2026-03-12 17:42:27.280912+00,2026-03-12 17:43:16.36827+00
1729,94,,[CORRECCION] CAMBIOS JAVA,4,12,,2026-03-10,2026-03-10,,,2026-03-12 17:44:57.212623+00,2026-03-12 17:46:52.84304+00
1730,94,1729,Resumen de Pedido,1,12,,2026-03-10,2026-03-10,,,2026-03-12 17:45:16.156248+00,2026-03-12 17:46:48.529213+00
1731,94,1729,Formas de Pago,1,12,,2026-03-10,2026-03-10,,,2026-03-12 17:45:51.63098+00,2026-03-12 17:46:44.775698+00
1732,94,,[Pruebas de Implementacion],4,12,,2026-03-11,2026-03-11,,,2026-03-12 17:46:37.334405+00,2026-03-12 17:47:13.821474+00
1733,94,,[PASE A QA],4,12,,2026-03-12,2026-03-12,,,2026-03-12 17:47:27.006824+00,2026-03-13 16:45:11.631762+00
1734,94,,[ENTENDIMIENTO QA],4,12,,2026-03-12,2026-03-12,,,2026-03-12 17:47:43.159108+00,2026-03-13 16:45:05.754519+00
1735,94,,[PASE A PRODUCCION],4,7,,2026-03-23,2026-03-23,,,2026-03-12 17:48:41.824691+00,2026-03-23 13:03:50.764224+00
1751,94,,[PRUEBAS QA],4,12,,2026-03-17,2026-03-20,,,2026-03-12 18:11:09.282805+00,2026-03-23 13:03:21.586416+00
1763,95,1768,Control de Indicadores,4,12,,2025-12-15,2026-03-13,,,2026-03-12 18:29:59.179752+00,2026-03-24 14:10:50.877827+00
1764,95,1768,Ejecución de Scripts QAS - PRD,4,12,,2026-01-05,2026-01-16,,,2026-03-12 18:30:18.59476+00,2026-03-12 18:59:22.234728+00
1765,95,1768,Gestor de Servidores DEV-QAS,4,7,,2026-01-19,2026-03-27,,,2026-03-12 18:30:33.215026+00,2026-03-12 19:33:10.17889+00
1766,95,1768,Gestor de Usuarios,4,7,,2026-02-02,2026-03-20,,,2026-03-12 18:30:52.981769+00,2026-03-12 19:32:01.129556+00
1767,95,1768,Historial,4,7,,2026-01-27,2026-04-24,,,2026-03-12 18:31:02.783714+00,2026-03-25 22:11:21.809903+00
1768,95,,Web de Admin Despliegues,5,1,,2025-12-15,2026-04-24,,,2026-03-12 18:32:23.935451+00,2026-03-25 22:11:21.657272+00
1769,95,1763,Generación de indicadores,1,12,,2025-12-15,2025-12-19,,,2026-03-12 18:34:17.703971+00,2026-03-12 18:52:06.453357+00
1770,95,1763,Validacion de campos,1,12,,2026-03-06,2026-03-13,,,2026-03-12 18:34:53.013267+00,2026-03-24 14:10:38.583564+00
1771,95,1764,Ejecución de Reportes,1,12,,2026-01-05,2026-01-09,,,2026-03-12 18:35:52.770545+00,2026-03-12 18:59:18.181968+00
1772,95,1764,Ejecución de ACT,1,12,,2026-01-12,2026-01-16,,,2026-03-12 18:36:06.172568+00,2026-03-12 18:59:14.556635+00
1773,95,1765,Revisar versiones,1,12,,2026-01-19,2026-01-23,,,2026-03-12 18:36:21.653954+00,2026-03-12 18:59:05.839113+00
1774,95,1765,Actualizar version,1,12,,2026-01-26,2026-01-30,,,2026-03-12 18:36:33.959699+00,2026-03-12 19:00:06.353816+00
1775,95,1765,Aplicar parches de errores,1,12,,2026-01-26,2026-01-30,,,2026-03-12 18:36:49.196793+00,2026-03-12 19:00:44.613805+00
1776,95,1765,AX-POS,1,12,,2026-02-09,2026-02-13,,,2026-03-12 18:37:12.78207+00,2026-03-12 19:01:02.032191+00
1777,95,1766,Conectar con Active Directory,1,12,,2026-02-02,2026-02-06,,,2026-03-12 18:38:35.588342+00,2026-03-12 19:05:24.163882+00
1778,95,1766,Asignar Perfil,1,12,,2026-02-23,2026-02-27,,,2026-03-12 18:38:51.247098+00,2026-03-12 19:08:28.563928+00
1779,95,1766,Asignar por modulos,1,1,,2026-03-16,2026-03-20,,,2026-03-12 18:39:12.013337+00,2026-03-12 19:32:35.932656+00
1780,95,1767,Historial de Solicitud de Indicadores,1,12,,2026-01-27,2026-01-29,,,2026-03-12 18:39:27.37564+00,2026-03-12 19:10:18.37323+00
1781,95,1767,Historial de Scipts Ejecutados,1,7,,2026-04-13,2026-04-17,,,2026-03-12 18:39:53.321823+00,2026-03-24 14:10:16.034478+00
1782,95,1767,Historial de Acciones en los Servidores PRD,1,1,,2026-04-13,2026-04-17,,,2026-03-12 18:40:30.575036+00,2026-03-12 19:34:24.657045+00
1783,95,1767,Historial de Usuarios,1,1,,2026-04-20,2026-04-24,,,2026-03-12 18:40:53.339583+00,2026-03-12 19:34:34.666954+00
1785,95,1786,Conectar con servicio de Aprobaciones,1,1,,2026-04-06,2026-04-10,,,2026-03-12 19:02:24.147132+00,2026-03-12 19:33:53.32194+00
1786,95,1768,Aprobaciones,4,1,,2026-04-06,2026-04-10,,,2026-03-12 19:02:40.254534+00,2026-03-12 19:33:53.382448+00
1787,95,1765,Ejecutar viajeros,1,1,,2026-03-23,2026-03-27,,,2026-03-12 19:04:02.874594+00,2026-03-12 19:33:10.106727+00
1788,95,1766,Integrar nuevo inicio de sesion,1,1,,2026-03-16,2026-03-20,,,2026-03-12 19:05:15.048841+00,2026-03-12 19:32:01.052052+00
1789,95,1766,Acceso con 2do password para ADMIN,1,7,,2026-03-16,2026-03-20,,,2026-03-12 19:06:30.781112+00,2026-03-16 20:30:40.465206+00
1790,95,1768,Gestor de Servidores para PRD,4,12,,2026-02-16,2026-02-20,,,2026-03-12 19:14:12.508103+00,2026-03-24 14:11:03.542887+00
1791,95,1790,Actualizar version,1,12,,2026-02-16,2026-02-20,,,2026-03-12 19:14:44.260362+00,2026-03-12 19:27:29.156108+00
1823,97,,Implementaciones priorizadas - Varios,4,12,,2026-03-16,2026-03-20,,,2026-03-17 14:18:00.390843+00,2026-03-23 13:24:12.423554+00
1830,97,1823,Impresión de stickers,1,12,,2026-03-16,2026-03-20,,,2026-03-18 13:19:19.905127+00,2026-03-23 13:24:23.873775+00
1831,97,1823,Ticket resumido,1,12,,2026-03-16,2026-03-20,,,2026-03-18 13:21:46.936327+00,2026-03-23 13:24:12.395083+00
1832,97,1830,Mejora en ordenamiento de listado de productos,1,12,,2026-03-16,2026-03-20,,,2026-03-18 13:29:35.625316+00,2026-03-23 13:24:32.392567+00
1833,97,1831,Implementación de logica para mostrar ahorro de últimos 12 meses,1,12,,2026-03-16,2026-03-20,,,2026-03-18 13:30:18.232341+00,2026-03-23 13:24:12.340104+00
1834,97,1830,Bloqueo de prueba de impresion en las impresoras flejeras (módulo de impresoras),1,12,,2026-03-16,2026-03-20,,,2026-03-18 13:32:50.833267+00,2026-03-23 13:24:23.815357+00
1863,97,1830,Nuevos cambios en ticket resumido,1,12,,2026-03-16,2026-03-20,,,2026-03-23 13:25:06.758706+00,2026-03-23 13:25:34.528475+00
1872,98,,Habilitación Pedidos RAD/RET MIA,4,13,,2026-03-24,2026-03-26,,,2026-03-23 14:09:02.008409+00,2026-03-24 13:26:08.864984+00
1873,98,1872,HU 224237_Habilitar generación de pedidos  RAD/RET MIA - 1era FASE,1,1,,2026-03-24,2026-03-26,,,2026-03-23 14:09:21.052214+00,2026-03-23 23:26:12.420127+00
1874,98,,Optimización de creación de campañas sin locales DC en ADM,4,13,,,,,,2026-03-23 14:09:36.027942+00,2026-03-24 13:26:33.511481+00
1875,98,1874,HU 224263_[Optimización de creación de promociones ADM] (Retirar locales RAD),1,1,,,,,,2026-03-23 14:09:54.217302+00,2026-03-23 14:09:54.31622+00
1877,98,,Cliente Protegido,4,7,,2026-03-24,2026-03-31,,,2026-03-24 13:20:37.553204+00,2026-03-30 12:30:13.113939+00
1878,98,1877,[DISEÑO] [VENDEDOR] Mejorar el flujo y la experiencia ,1,12,,2026-03-24,2026-03-25,,,2026-03-24 13:21:19.199725+00,2026-03-27 19:45:55.375768+00
1913,98,,[Rediseño] [Puntos Acumulados] [Venta  Cobro],1,12,,2026-03-25,2026-03-25,,,2026-03-25 13:32:30.512772+00,2026-03-27 19:46:10.988236+00
1914,98,1913,[Rediseño] [INKA][MIFA],1,12,,2026-03-25,2026-03-25,,,2026-03-25 13:34:04.025679+00,2026-03-27 19:46:19.409981+00
1915,98,,[BLOQUEO][COBRO],4,7,,2026-03-24,2026-03-24,,,2026-03-25 13:34:52.303727+00,2026-03-27 19:46:59.455603+00
1916,98,1915,[RETIRAR] Funcion paquete reserva stock,1,12,,2026-03-24,2026-03-24,,,2026-03-25 13:35:30.049282+00,2026-03-25 13:36:05.053398+00
1917,98,1915,[VALIDAR] Reubicacion de la funcion,1,7,,,,,,2026-03-25 13:36:29.998292+00,2026-03-27 19:47:24.441648+00
1925,98,1877,PASE QA,1,12,,2026-03-27,2026-03-27,,,2026-03-27 19:46:33.021983+00,2026-03-30 12:29:44.774886+00
1927,98,1877,[Pruebas QA],1,7,,2026-03-30,2026-03-31,,,2026-03-30 12:29:55.104707+00,2026-03-30 12:30:13.060098+00
1882,99,,[Mariale ] - Convenio,5,1,,2026-03-23,2026-04-01,,,2026-03-24 13:51:19.685813+00,2026-03-30 13:30:45.327191+00
1883,99,1882,POSU,4,1,,2026-03-23,2026-03-26,,,2026-03-24 13:51:47.387238+00,2026-03-24 13:52:56.584722+00
1884,99,1883,[Convenio Pacifico] - Convenios - Amed,6,9,,2026-03-23,2026-03-26,,,2026-03-24 13:52:16.762453+00,2026-03-30 13:29:28.234217+00
1885,99,,[Mariale] - Supply,5,1,,,,,,2026-03-24 13:54:06.221568+00,2026-03-24 13:54:29.688805+00
1886,99,1885,[Titán] - Devolución de mercadería (Logistica Inversa) - Bloqueo de Registro o edición de Lote,4,2,,,,,,2026-03-24 13:54:29.633466+00,2026-03-24 13:58:40.755446+00
1887,99,1886, Bloqueo de Posibilidad de Edición y Agregar Lote,6,1,,,,,,2026-03-24 13:55:00.445792+00,2026-03-24 13:56:36.310113+00
1888,99,1886,Creación de nueva ventana Relación de lotes creados,6,1,,,,,,2026-03-24 13:56:00.90933+00,2026-03-24 14:08:43.536354+00
1889,99,1886,Secuencia para el Registro de Solicitud,6,1,,,,,,2026-03-24 13:57:32.849809+00,2026-03-24 14:08:05.944679+00
1890,99,1886,Secuencia Editar Solicitud,6,1,,,,,,2026-03-24 13:58:18.680703+00,2026-03-24 13:58:27.826008+00
1891,99,,Disponibilizar servicios integración Automy,6,7,,2026-03-20,2026-03-25,,,2026-03-24 14:03:39.80279+00,2026-03-24 14:04:34.512382+00
1928,99,1882,Certificación QA,3,1,,2026-03-27,2026-04-01,,,2026-03-30 13:30:10.145975+00,2026-03-30 13:30:45.273463+00
1898,100,,B2B - LI - Recall,5,7,,2026-03-25,2026-04-17,,,2026-03-24 20:45:59.373525+00,2026-04-14 14:27:03.362852+00
1899,100,1898,LI - Devolución a almacén,4,12,,2026-03-25,2026-04-13,,,2026-03-24 20:46:17.127661+00,2026-04-14 14:23:31.639429+00
1900,100,1898,Recall - Nota de crédito POS,4,1,,,,,,2026-03-24 20:46:34.088869+00,2026-03-26 16:10:34.573615+00
1901,100,1899,Configurar servicio SLS a Drogueria,1,12,,2026-03-25,2026-03-26,,,2026-03-24 20:49:26.248886+00,2026-03-27 15:59:21.813721+00
1902,100,1899,Grabar informacion en tabla temporal en DC y drogueria (solo si DC trabaja con Drogueria),1,12,,2026-03-27,2026-03-30,,,2026-03-24 20:49:39.327492+00,2026-04-07 14:07:40.704124+00
1903,100,1899,Control por estados de procesamiento de devoluciones SLS por demonios,1,12,,2026-03-31,2026-03-31,,,2026-03-24 20:50:06.228116+00,2026-04-07 14:07:27.180021+00
1904,100,1899,Implementar demonio daemon-despacho-sls,3,12,,2026-04-01,2026-04-09,,,2026-03-24 20:51:32.340246+00,2026-04-14 14:22:25.203961+00
1905,100,1904,"Gestionar devoluciones, por estado, pendientes de procesar hacia drogueria",1,12,,2026-04-01,2026-04-06,,,2026-03-24 20:52:11.49424+00,2026-04-07 14:08:51.426323+00
1906,100,1904,Procesar despacho de solicitud de transferencia SLS,1,12,,2026-04-07,2026-04-07,,,2026-03-24 20:52:46.946387+00,2026-04-14 14:22:45.48901+00
1907,100,1904,Enviar a axteroid guia de transferencia generada,1,12,,2026-04-08,2026-04-08,,,2026-03-24 20:52:53.651904+00,2026-04-14 14:22:36.455892+00
1908,100,1904,Enviar despacho a local drogueria,1,12,,2026-04-09,2026-04-09,,,2026-03-24 20:53:01.934999+00,2026-04-14 14:22:41.675907+00
1909,100,1899,Implementar demonio daemon_recepcion_devolucion_sls,3,12,,2026-04-01,2026-04-09,,,2026-03-24 20:55:17.415174+00,2026-04-14 14:22:31.723475+00
1910,100,1909,Gestionar recepcion de transferencias que llegaron por devolución,1,12,,2026-04-01,2026-04-06,,,2026-03-24 21:01:35.851456+00,2026-04-07 14:08:08.874051+00
1911,100,1909,Obtener valores de tabla temporal para iniciar procesamiento de devolución,1,12,,2026-04-07,2026-04-07,,,2026-03-24 21:01:45.766447+00,2026-04-14 14:22:51.881656+00
1912,100,1909,Procesar generación de devolución a almacén,1,12,,2026-04-08,2026-04-09,,,2026-03-24 21:01:58.18954+00,2026-04-14 14:22:55.922402+00
1918,100,1899,Pruebas integrales de desarrollo y correcciones/mejoras detectadas,1,12,,2026-04-10,2026-04-13,,,2026-03-25 17:11:17.636257+00,2026-04-14 14:23:04.623502+00
1919,100,1899,Implementacipon de nuevo diseño de guias de devolucion al almacén para droguería,1,12,,2026-04-01,2026-04-06,,,2026-03-25 21:53:05.45724+00,2026-04-07 14:07:46.967471+00
1920,100,1898,B2B - Iniciativas de performance,4,12,,2026-03-25,2026-03-30,,,2026-03-25 22:19:39.087963+00,2026-04-14 14:23:27.042227+00
1921,100,1920,Bloqueo en preparacion y facturacion de pedidos B2B si aun no se ha actualizado la información de pago,1,12,,2026-03-25,2026-03-30,,,2026-03-26 16:08:14.220429+00,2026-04-07 14:07:52.186124+00
1922,100,1920,Implementacion de transferencias directas en ventas y NC,1,12,,2026-03-25,2026-03-30,,,2026-03-26 16:08:39.059414+00,2026-04-07 14:07:56.902947+00
2034,100,1898,Pruebas con QA y Operaciones,1,7,,2026-04-14,2026-04-17,,,2026-04-14 14:23:48.818853+00,2026-04-14 14:24:53.577871+00
1934,101,,[SIP],4,7,,2026-04-06,2026-05-13,,,2026-04-06 12:55:42.033736+00,2026-05-11 02:37:17.589913+00
1935,101,1934,[Cambio de Marca SIP V2.0]_Visualización condicional de banner SIP en resumen de cliente_Mi Farma,1,12,,2026-04-06,2026-04-06,,,2026-04-06 12:56:15.082359+00,2026-04-07 13:13:36.496366+00
1938,101,,[MIA][MARCA],4,12,,2026-04-07,2026-05-04,,,2026-04-06 13:00:57.861709+00,2026-05-04 14:06:13.854377+00
1940,101,1938,[VALIDAR MARCA] Validar multimarca que llegue correctamente sin distincion,1,12,,2026-04-07,2026-05-04,,,2026-04-06 13:02:17.747253+00,2026-05-04 14:06:13.805986+00
1941,101,,[QA] Documentacion/Pase,4,12,,2026-04-13,2026-04-13,,,2026-04-06 13:03:09.061798+00,2026-04-14 14:10:33.427846+00
1942,101,,[HOTFIX][CLIENTE PROTEGIDO],4,12,,2026-04-06,2026-04-06,,,2026-04-06 13:10:33.088699+00,2026-04-07 13:13:07.179134+00
1943,101,1942,[RQ] ,1,12,,2026-04-06,2026-04-06,,,2026-04-06 13:10:55.216065+00,2026-04-07 13:13:01.260382+00
1956,101,1940,[Habilitar][MIFARMA] REB [MIA] [WELL],1,12,,2026-04-07,2026-04-08,,,2026-04-06 19:59:20.603055+00,2026-04-13 23:11:16.357825+00
1957,101,1940,[CLIENTE FIDELIZADO],1,12,,2026-04-08,2026-04-09,,,2026-04-06 19:59:57.710402+00,2026-04-13 23:11:38.723068+00
1958,101,1940,[ANULACION] Validacion,1,12,,2026-04-08,2026-04-08,,,2026-04-06 20:00:39.603016+00,2026-04-13 23:11:34.432372+00
1960,101,1940,[IMPRESION] [COMANDAS],1,12,,2026-04-08,2026-04-09,,,2026-04-06 20:05:30.906099+00,2026-04-13 23:11:30.019884+00
1961,101,1940,[VALIDAR EN AXT],1,12,,2026-04-09,2026-04-09,,,2026-04-06 20:05:42.860712+00,2026-04-13 23:11:43.845518+00
2031,101,,[PRUEBAS QA],4,12,,2026-04-14,2026-04-16,,,2026-04-14 14:10:48.830188+00,2026-04-21 13:12:20.948223+00
2033,101,,[FIX] WINDOWS 7,4,12,,2026-04-10,2026-04-13,,,2026-04-14 14:11:40.716987+00,2026-04-15 14:05:41.509874+00
2102,101,1940,RE-VALIDACION FLUJO ,1,7,,2026-05-04,2026-05-04,,,2026-05-04 14:05:58.178929+00,2026-05-04 14:06:20.196088+00
1944,102,,[Mariale] - Supply,5,1,,2026-04-06,2026-04-17,,,2026-04-06 13:30:48.728542+00,2026-04-08 21:09:50.558828+00
1945,102,1944,[Titán] - Devolución de mercadería (Logistica Inversa) - Bloqueo de Registro o edición de Lote,4,9,,2026-04-06,2026-04-09,,,2026-04-06 13:31:05.409142+00,2026-04-15 14:08:38.411246+00
1946,102,1945,Ajustes en la ventana de Selección de Lote,6,12,,2026-04-06,2026-04-06,,,2026-04-06 13:32:00.379728+00,2026-04-07 14:11:05.040535+00
1947,102,1945,Validación y registro de solicitudes de creación de nuevo lote,6,12,,2026-04-06,2026-04-07,,,2026-04-06 13:32:29.034332+00,2026-04-13 21:01:26.423357+00
1948,102,1945,Sincronización automática de estados de solicitudes de lote,6,12,,2026-04-07,2026-04-07,,,2026-04-06 13:33:22.00819+00,2026-04-13 21:01:21.460466+00
1949,102,1945,Visualización de solicitudes de registro de lote en Aprobaciones,6,12,,2026-04-06,2026-04-07,,,2026-04-06 13:33:46.223801+00,2026-04-07 14:11:45.548274+00
1950,102,1945,Visualización del detalle de solicitudes de registro de lote,6,12,,2026-04-08,2026-04-09,,,2026-04-06 13:34:30.532673+00,2026-04-13 21:01:16.543278+00
1951,102,1945,Visualización de solicitudes de lote en Devoluciones de Productos,6,12,,2026-04-06,2026-04-07,,,2026-04-06 13:34:44.046572+00,2026-04-13 21:01:31.777956+00
1952,102,1945,Ajustes al modelo de correo del proceso de aprobación de registro de lote,6,12,,2026-04-06,2026-04-08,,,2026-04-06 13:35:06.669624+00,2026-04-13 21:01:37.07161+00
2002,102,,Disponibilidad servicios integración AUTOMY,6,12,,2026-04-06,2026-04-08,,,2026-04-07 14:13:43.608352+00,2026-04-08 21:02:23.352533+00
2003,102,,Mejora performance - calculo descuentos POSU,6,7,,2026-04-01,2026-04-22,,,2026-04-07 14:15:05.803267+00,2026-04-15 14:08:27.294579+00
2011,102,1944,Certificacion QA,3,12,,2026-04-14,2026-04-17,,,2026-04-08 21:09:23.363577+00,2026-05-04 14:23:00.338621+00
2030,102,,Convenios - Borrado de detalle,6,12,,2026-04-09,2026-04-15,,,2026-04-14 14:09:18.269458+00,2026-05-04 14:22:41.885228+00
2032,102,,FP efectivo en NC tarjeta mismo dia,3,12,,2026-04-13,2026-04-15,,,2026-04-14 14:11:13.454861+00,2026-05-04 14:22:36.265572+00
2036,102,,Enviar a la web la solicitud registro lote a web de supply te ayuda,6,12,,2026-04-14,2026-04-15,,,2026-04-14 14:30:40.840411+00,2026-05-04 14:22:31.485655+00
1964,103,,Mejoras Backend,3,7,,2026-04-01,2026-04-14,,,2026-04-07 13:19:53.179905+00,2026-04-22 14:32:07.978365+00
1965,103,,Mejoras Frontend,3,12,,2026-03-30,2026-04-16,,,2026-04-07 13:19:53.193672+00,2026-04-14 14:26:49.028396+00
1966,103,1965,"Estandarizar loaders (patrón, estados y lineamientos)",1,12,,2026-03-30,2026-03-30,,,2026-04-07 13:24:11.03726+00,2026-04-07 13:28:41.257315+00
1967,103,1965,Unificar loader en flujo de realizar la venta (checkout),1,12,,2026-04-06,2026-04-06,,,2026-04-07 13:24:11.131403+00,2026-04-07 13:29:09.353929+00
1968,103,1965,Unificar loader en lista de productos,1,12,,2026-03-31,2026-04-01,,,2026-04-07 13:24:11.153021+00,2026-04-07 13:28:47.915847+00
1969,103,1965,Gestionar variantes UI (ui-v1/ui-v2) con IND_UI_VARIANT,1,12,,2026-04-06,2026-04-07,,,2026-04-07 13:24:11.19526+00,2026-04-08 13:20:29.767172+00
1970,103,1965,Unificar loader en carga de resumen de pedido,1,12,,2026-04-06,2026-04-06,,,2026-04-07 13:24:11.211511+00,2026-04-07 13:28:59.94313+00
1971,103,1965,Refactor responsive: reducir media queries y normalizar breakpoints,1,12,,2026-04-06,2026-04-06,,,2026-04-07 13:24:11.453465+00,2026-04-07 13:28:54.746633+00
1972,103,1964,Implementar carga paralela en endpoint/servicio de productos,1,12,,2026-04-01,2026-04-06,,,2026-04-07 13:27:56.69846+00,2026-04-07 13:29:32.258547+00
1973,103,1964,Habilitar compresión GZIP en respuestas HTTP,1,12,,2026-04-06,2026-04-06,,,2026-04-07 13:27:56.998125+00,2026-04-07 13:29:37.379226+00
1974,103,1964,IziPay: migrar comunicación de WebSocket a HTTP streameable,1,12,,2026-04-06,2026-04-14,,,2026-04-07 13:27:57.009636+00,2026-05-11 12:52:10.391879+00
2035,103,1965,Bug detectado: Mejor Precio de un producto,1,12,,2026-04-13,2026-04-16,,,2026-04-14 14:26:19.676368+00,2026-04-22 14:31:41.244213+00
2051,103,,Mejoras Frontend,3,7,0,2026-04-20,2026-04-20,,,2026-04-20 13:31:29.030594+00,2026-04-22 14:32:03.179358+00
2052,103,2051,Mejoras en experiencia de usuario (UX) - versión tableta,1,12,0,2026-04-20,2026-04-20,,,2026-04-20 13:31:40.27765+00,2026-05-11 12:52:15.663572+00
2053,103,2051,Integración con servicios de pricing,1,12,0,2026-04-20,2026-04-20,,,2026-04-20 13:31:40.846279+00,2026-04-22 14:31:53.757774+00
1979,104,,Arquitectura Frontend,3,12,,2026-04-07,2026-04-16,,,2026-04-07 13:59:51.6058+00,2026-04-15 13:59:59.250522+00
1980,104,,Arquitectura Backend,3,12,,2026-04-07,2026-04-17,,,2026-04-07 13:59:51.766284+00,2026-04-14 13:25:27.225838+00
1981,104,,"Plataforma, CI/CD y Release",3,12,,2026-04-07,2026-04-22,,,2026-04-07 13:59:51.894373+00,2026-04-21 19:12:28.544867+00
1982,104,,Productización y Arquitectura (MVP -> Producto),3,12,,2026-04-07,2026-04-13,,,2026-04-07 13:59:52.534776+00,2026-04-14 13:25:22.038778+00
1983,104,1982,Modelo de permisos (RBAC) + auditoría mínima (quién/qué/cuándo),1,12,,2026-04-09,2026-04-10,,,2026-04-07 14:00:04.365819+00,2026-04-15 14:00:07.716338+00
1984,104,1982,"Definir estándares de observabilidad (logs, métricas, trazas)",1,12,,2026-04-13,2026-04-13,,,2026-04-07 14:00:04.504638+00,2026-04-15 14:00:17.061941+00
1985,104,1982,"Arquitectura target: módulos, límites y dependencias (front/back)",1,12,,2026-04-08,2026-04-08,,,2026-04-07 14:00:05.115696+00,2026-04-15 13:59:49.4203+00
1986,104,1982,"Definir alcance V1 productivo (funcionalidades, roles y DoD)",1,12,,2026-04-07,2026-04-07,,,2026-04-07 14:00:05.526401+00,2026-04-15 13:59:40.834804+00
1987,104,1979,Frontend: accesibilidad y consistencia visual (componentes base),1,12,,2026-04-13,2026-04-14,,,2026-04-07 14:00:18.401891+00,2026-04-15 13:59:55.444296+00
1988,104,1979,"Frontend: UX de despliegues productivo (colas, progreso, cancelación, rollback)",1,12,,2026-04-13,2026-04-14,,,2026-04-07 14:00:18.576226+00,2026-04-14 13:26:54.149949+00
1989,104,1979,Frontend: autenticación y autorización (guards + permisos por acción),1,12,,2026-04-09,2026-04-10,,,2026-04-07 14:00:18.623398+00,2026-04-14 13:26:04.064098+00
1990,104,1979,Frontend: arquitectura de estado y cache (server state + UI state),1,12,,2026-04-07,2026-04-08,,,2026-04-07 14:00:18.819046+00,2026-04-14 13:25:46.885528+00
1991,104,1979,"Frontend: rendimiento y estabilidad (bundle, lazy loading, errores)",1,12,,2026-04-15,2026-04-16,,,2026-04-07 14:00:19.646216+00,2026-04-14 13:27:00.97131+00
1992,104,1980,"Backend: diseño de API V1 (contratos, versionado, errores)",1,12,,2026-04-07,2026-04-08,,,2026-04-07 14:00:31.623404+00,2026-04-15 13:59:35.830416+00
1993,104,1980,"Backend: seguridad (authn/authz, secretos, hardening)",1,12,,2026-04-17,2026-04-17,,,2026-04-07 14:00:31.820737+00,2026-04-15 13:59:32.252347+00
1994,104,1980,Backend: trazabilidad de ejecuciones (logs estructurados + correlación),1,12,,2026-04-14,2026-04-16,,,2026-04-07 14:00:31.925731+00,2026-04-15 13:59:27.907065+00
1995,104,1980,"Backend: motor de despliegue (colas, concurrencia, reintentos, rollback)",1,12,,2026-04-13,2026-04-16,,,2026-04-07 14:00:32.462336+00,2026-04-15 13:59:22.453219+00
1996,104,1980,"Backend: modelo de datos (servidores, releases, ejecuciones, auditoría)",1,12,,2026-04-09,2026-04-10,,,2026-04-07 14:00:32.546273+00,2026-04-15 13:59:17.894447+00
1997,104,1981,QA/Release: plan de pruebas + UAT + checklist de salida a producción,1,12,,2026-04-17,2026-04-17,,,2026-04-07 14:00:43.711615+00,2026-04-15 14:01:12.372052+00
1998,104,1981,"Infra: despliegue productivo (reverse proxy, TLS, hardening)",1,12,,2026-04-13,2026-04-14,,,2026-04-07 14:00:43.743116+00,2026-04-15 14:00:12.547113+00
1999,104,1981,"Monitoreo y alertas: healthchecks, dashboards, alertas mínimas",1,12,,2026-04-15,2026-04-16,,,2026-04-07 14:00:43.988918+00,2026-04-15 14:00:23.226699+00
2000,104,1981,CI/CD: pipeline build/test/lint + artefactos versionados,1,12,,2026-04-07,2026-04-08,,,2026-04-07 14:00:44.040124+00,2026-04-15 13:59:13.370242+00
2001,104,1981,Entornos: DEV/QAS/PRD + configuración por ambiente,1,12,,2026-04-09,2026-04-10,,,2026-04-07 14:00:44.095219+00,2026-04-15 14:00:03.377304+00
2037,104,1981,Despliegue en Servidor DBA,1,12,,2026-04-07,2026-04-22,,,2026-04-15 14:00:51.523718+00,2026-05-11 13:02:03.975615+00
2024,105,,Automatización Pases Stand By,3,7,0,2026-04-13,2026-05-15,,,2026-04-14 13:20:37.513279+00,2026-05-11 13:19:42.196037+00
2025,105,2024,"Análisis: disparadores y fuentes de verdad para Stand By (eventos, estados, datos)",1,12,0,2026-04-13,2026-04-13,,,2026-04-14 13:20:50.791199+00,2026-04-14 14:02:24.874994+00
2026,105,2024,BPMN: modelar flujo de pases a Stand By (AS-IS + TO-BE),1,12,0,2026-04-13,2026-04-13,,,2026-04-14 13:20:51.021853+00,2026-04-14 14:02:20.190753+00
2027,105,2024,Backlog inicial: historias/tareas para implementación del MVP de automatización Stand By,1,12,0,2026-04-14,2026-04-14,,,2026-04-14 13:20:51.096762+00,2026-04-20 13:25:41.257033+00
2028,105,2024,Análisis tecnológico: opciones para automatizar (n8n vs RPA vs microservicio) + recomendación,1,12,0,2026-04-13,2026-04-13,,,2026-04-14 13:20:51.128803+00,2026-04-14 14:02:16.556392+00
2029,105,2024,Diseño técnico: arquitectura del flujo automatizado + contratos (inputs/outputs),1,12,0,2026-04-14,2026-04-14,,,2026-04-14 13:20:51.720984+00,2026-04-15 13:58:13.610112+00
2042,105,,Rust: Librería low-code modular tipo n8n para automatizaciones Windows (MVP),3,7,0,2026-04-21,2026-05-15,,,2026-04-20 13:23:42.025313+00,2026-05-11 13:19:41.87119+00
2043,105,2042,QA: tests + CI en Windows (unit/integration),1,12,0,2026-05-04,2026-05-04,,,2026-04-20 13:24:09.942271+00,2026-05-11 13:18:27.141208+00
2044,105,2042,Implementación: motor de ejecución de workflows (MVP),1,12,0,2026-04-24,2026-04-24,,,2026-04-20 13:24:10.276356+00,2026-05-04 14:18:15.706584+00
2045,105,2042,Runner/CLI Windows: ejecutar workflows + empaquetado,1,12,0,2026-04-30,2026-04-30,,,2026-04-20 13:24:10.402325+00,2026-05-11 13:18:27.266653+00
2046,105,2042,Implementación: Actions Windows MVP (cmd/pwsh/files/services),1,12,0,2026-04-28,2026-04-28,,,2026-04-20 13:24:10.80653+00,2026-05-04 14:18:20.184609+00
2047,105,2042,Diseño técnico: arquitectura del runtime + contrato de Actions (plugins),1,12,0,2026-04-22,2026-04-22,,,2026-04-20 13:24:11.652236+00,2026-05-04 14:18:10.086959+00
2048,105,2042,Observabilidad: logs estructurados + audit trail de ejecuciones,1,12,0,2026-04-29,2026-04-29,,,2026-04-20 13:24:12.380675+00,2026-05-11 13:18:27.167208+00
2049,105,2042,Requisitos + alcance MVP + esquema de workflow (JSON/YAML),1,12,0,2026-04-21,2026-04-21,,,2026-04-20 13:24:12.507343+00,2026-05-04 14:17:51.441528+00
2050,105,2042,Docs + ejemplos + demo: workflow end-to-end en Windows,1,12,0,2026-05-04,2026-05-04,,,2026-04-20 13:24:13.368392+00,2026-05-11 13:18:27.276826+00
2174,105,2024,Desarrollo de flujo de automatización de pases a Stand By,1,1,,2026-05-11,2026-05-15,,,2026-05-11 13:18:39.029432+00,2026-05-11 13:19:42.107666+00
2175,105,2042,Cambio de arquitectura de tipo servicio a SSH,1,1,,2026-05-11,2026-05-15,,,2026-05-11 13:18:39.049039+00,2026-05-11 13:19:41.812051+00
2176,105,2024,Implementación de flujo de automatización de pases a Stand By,1,1,,2026-05-11,2026-05-15,,,2026-05-11 13:18:39.133226+00,2026-05-11 13:19:42.242802+00
2057,106,,[MULTIMARCA],4,12,,2026-04-23,2026-04-27,,,2026-04-21 13:22:41.761367+00,2026-05-04 14:09:13.363698+00
2058,106,2057,[Validar Servicio modificado por Digital],1,12,,2026-04-23,2026-04-27,,,2026-04-21 13:23:13.49044+00,2026-05-04 14:09:19.487781+00
2059,106,2057,[Pruebas Internas] ,1,12,,2026-04-27,2026-04-27,,,2026-04-21 13:24:11.486792+00,2026-05-04 14:09:25.090172+00
1937,108,1934,Comisión por Cash in/out SIP,1,7,,2026-05-07,2026-05-13,,,2026-04-06 12:59:14.450931+00,2026-05-06 13:24:11.569373+00
1953,108,1937,[POSU]  Control de estados en bloques del proceso recaudacion/venta,1,12,,2026-05-08,2026-05-11,,,2026-04-06 15:25:11.128856+00,2026-05-11 01:56:55.690449+00
1955,108,1937,[PRUEBAS INTEGRALES],1,12,,2026-05-12,2026-05-13,,,2026-04-06 15:26:41.505873+00,2026-05-15 13:42:31.132815+00
2054,108,1937,[POSU] Rediseño de Ventana AGORA/TARJETA,1,12,,2026-05-07,2026-05-07,,,2026-04-21 13:18:43.899666+00,2026-05-11 01:56:48.941876+00
2055,108,1937,[POSU] Impresion de Comprobantes,1,12,,2026-05-11,2026-05-11,,,2026-04-21 13:19:24.51026+00,2026-05-12 16:18:08.190024+00
2056,108,1937,[Documentacion y Pase QA],1,12,,2026-05-13,2026-05-13,,,2026-04-21 13:20:46.477278+00,2026-05-15 13:42:48.918773+00
2105,108,1937,[Valida Bin],1,12,,2026-05-12,2026-05-12,,,2026-05-06 13:24:59.397904+00,2026-05-13 12:47:19.408296+00
2154,108,,[Mejora Flujo Cobro],4,7,,2026-05-07,2026-05-26,,,2026-05-11 02:30:25.663474+00,2026-05-12 16:20:05.842166+00
2155,108,2154,[Mejora Flujo Cobro] [230603] - Nueva Ventana Cobrar Pedido - Estructura base de la nueva ventana de cobro,1,12,,2026-05-08,2026-05-08,,,2026-05-11 02:31:52.316998+00,2026-05-11 02:43:08.635423+00
2156,108,2154,"[Mejora Flujo Cobro] [230604] - Nueva Ventana Cobrar Pedido - Ingreso de monto, notificaciones y acciones finales",1,12,,2026-05-12,2026-05-12,,,2026-05-11 02:32:08.991612+00,2026-05-13 12:46:27.695131+00
2157,108,2154,"[Mejora Flujo Cobro] [230605] - Nueva Ventana Cobrar Pedido - Sección ""Efectivo y Otras Tarjetas""",1,12,,2026-05-11,2026-05-11,,,2026-05-11 02:32:27.885828+00,2026-05-12 16:19:33.991791+00
2158,108,2154,"[Mejora Flujo Cobro] [230606] - Nueva Ventana Cobrar Pedido - Sección ""SIP"" y reglas de visibilidad",1,12,,2026-05-11,2026-05-11,,,2026-05-11 02:32:43.323902+00,2026-05-12 16:19:22.867875+00
2159,108,2154,[Mejora Flujo Cobro] [230602] - Flujo Pago con Efectivo,1,7,,2026-05-13,2026-05-14,,,2026-05-11 02:32:57.442829+00,2026-05-13 12:46:57.136135+00
2160,108,2154,[Mejora Flujo Cobro] [230601] - Flujo de Pago Mixto,1,1,,2026-05-25,2026-05-26,,,2026-05-11 02:33:12.507362+00,2026-05-11 02:41:16.454649+00
2161,108,2154,[Mejora Flujo Cobro] [230593] - Flujo de Pago con Dolares,1,7,,2026-05-13,2026-05-14,,,2026-05-11 02:34:09.656967+00,2026-05-13 12:46:46.055407+00
2162,108,2154,[Mejora Flujo Cobro] [230594] - Flujo de Pago con Puntos Monedero/INKAPUNTOS,1,1,,2026-05-19,2026-05-20,,,2026-05-11 02:34:27.439983+00,2026-05-11 02:40:17.460532+00
2163,108,2154,[Mejora Flujo Cobro] [230596] - Flujo de Pago con QR/Recompensas,1,1,,2026-05-15,2026-05-19,,,2026-05-11 02:34:40.484183+00,2026-05-11 02:39:58.849861+00
2164,108,2154,[Mejora Flujo Cobro] [230598] - Flujo de Pago con Tarjeta - Validación Bin Correcto,1,1,,2026-05-21,2026-05-21,,,2026-05-11 02:34:53.29487+00,2026-05-11 02:40:52.383539+00
2165,108,2154,[Mejora Flujo Cobro] [230599] - Flujo de Pago con Tarjeta - Validación Bin No Correcto,1,1,,2026-05-21,2026-05-21,,,2026-05-11 02:35:05.540997+00,2026-05-11 02:40:42.811861+00
2166,108,2154,[Mejora Flujo Cobro] [230607] - Sobrecargo tarjeta extranjera,1,1,,2026-05-21,2026-05-22,,,2026-05-11 02:35:18.414205+00,2026-05-11 02:41:04.87854+00
2167,108,2154,[Mejora Flujo Cobro] [230600] - Flujo de Pago con Tarjeta - Validación de Fidelizado,1,1,,2026-05-13,2026-05-14,,,2026-05-11 02:35:32.976477+00,2026-05-11 02:39:25.283414+00
2168,108,2154,[Mejora Flujo Cobro] [230597] - Flujo de Pago con Tarjeta - Flujo descuento Club Intercorp fidelizado,1,1,,2026-05-14,2026-05-15,,,2026-05-11 02:35:45.011074+00,2026-05-11 02:39:37.869483+00
2169,108,2154,[REVISION FLUJOS],1,12,,2026-05-07,2026-05-11,,,2026-05-11 02:36:01.432513+00,2026-05-11 02:43:01.12483+00
2170,108,2154,[PRUEBAS UNITARIAS],1,1,,,,,,2026-05-11 02:36:13.33625+00,2026-05-11 02:36:13.429723+00
2171,108,2154,[DOCUMENTACION PASE A QA],1,1,,,,,,2026-05-11 02:42:18.278542+00,2026-05-11 02:42:42.382824+00
2177,109,,[Mariale ] - Convenio,5,1,,2026-05-06,2026-05-12,,,2026-05-11 13:29:36.203499+00,2026-05-11 14:44:21.051175+00
2178,109,2177,IA Convenio,4,1,,2026-05-06,2026-05-12,,,2026-05-11 13:30:01.640293+00,2026-05-11 14:44:21.010474+00
2179,109,2178,[IA Convenio]  - Respetar estado origina - No pase la validación,6,7,,2026-05-06,2026-05-08,,,2026-05-11 13:30:27.183972+00,2026-05-11 14:43:19.853081+00
2180,109,2178,[IA Convenio]  - Carga de sustento adicional,6,7,,2026-05-11,2026-05-12,,,2026-05-11 13:30:47.858978+00,2026-05-11 14:44:20.925132+00
2181,109,,[Mariale] - Loyalty Inkafarma,5,1,,2026-05-08,2026-05-13,,,2026-05-11 13:32:47.323065+00,2026-05-11 14:39:10.916053+00
2182,109,2181,Sorteo Millón 2026,4,1,,2026-05-08,2026-05-13,,,2026-05-11 13:59:02.208349+00,2026-05-11 14:39:10.887074+00
2183,109,2182,[Sorteo Millón 2026] - Pedidos No presenciales - Multiplicación por FP,6,7,,2026-05-08,2026-05-13,,,2026-05-11 13:59:28.940557+00,2026-05-11 14:42:59.129394+00
2184,109,2182,[Sorteo Millón 2026] - Actualizaciones Sorteo 2026,6,7,,2026-05-08,2026-05-13,,,2026-05-11 14:00:02.099294+00,2026-05-11 14:42:47.174196+00
2185,109,2182,[Sorteo Millón 2026] - Mensajes de acumulación - Ticket resumido,6,7,,2026-05-08,2026-05-13,,,2026-05-11 14:00:32.903773+00,2026-05-11 14:42:02.839702+00
2186,109,2182,[Consentimiento de datos] - Habilitar el guardado de Consentimiento de datos,6,7,,2026-05-08,2026-05-13,,,2026-05-11 14:00:59.61154+00,2026-05-11 14:39:10.808302+00
2187,109,,Mejoras performance recompensas (casback) resumen,6,7,,2026-05-04,2026-05-11,,,2026-05-11 14:03:03.759742+00,2026-05-11 14:05:04.184187+00
